id,time,y,ytype,amount,V,Cl
1,0,0,2,.,13.74757,0.87206
1,0,.,.,100,13.74757,0.87206
1,2,5.97193,1,.,13.74757,0.87206
1,3.55536,1,2,.,13.74757,0.87206
1,4,6.13879,1,.,13.74757,0.87206
1,6,5.00655,1,.,13.74757,0.87206
1,8,4.66726,1,.,13.74757,0.87206
1,10,3.22123,1,.,13.74757,0.87206
1,12,4.03086,1,.,13.74757,0.87206
1,14,2.90897,1,.,13.74757,0.87206
1,16,2.61704,1,.,13.74757,0.87206
1,18,2.01796,1,.,13.74757,0.87206
1,20,1.85413,1,.,13.74757,0.87206
1,22,1.96954,1,.,13.74757,0.87206
1,24,1.55761,1,.,13.74757,0.87206
1,26,1.55051,1,.,13.74757,0.87206
1,28,1.44801,1,.,13.74757,0.87206
1,30,1.04683,1,.,13.74757,0.87206
2,0,0,2,.,8.72929,1.19771
2,0,.,.,100,8.72929,1.19771
2,2,9.46486,1,.,8.72929,1.19771
2,4,6.11814,1,.,8.72929,1.19771
2,6,4.91264,1,.,8.72929,1.19771
2,8,3.6695,1,.,8.72929,1.19771
2,10,3.08303,1,.,8.72929,1.19771
2,12,2.08583,1,.,8.72929,1.19771
2,14,1.67285,1,.,8.72929,1.19771
2,16,1.26532,1,.,8.72929,1.19771
2,18,1.2127,1,.,8.72929,1.19771
2,20,0.61452,1,.,8.72929,1.19771
2,21.12843,1,2,.,8.72929,1.19771
2,22,0.53793,1,.,8.72929,1.19771
2,24,0.41061,1,.,8.72929,1.19771
2,26,0.33724,1,.,8.72929,1.19771
2,28,0.24135,1,.,8.72929,1.19771
2,30,0.21882,1,.,8.72929,1.19771
3,0,0,2,.,11.90289,0.71666
3,0,.,.,100,11.90289,0.71666
3,2,8.22526,1,.,11.90289,0.71666
3,4,6.15219,1,.,11.90289,0.71666
3,6,7.1396,1,.,11.90289,0.71666
3,8,4.87564,1,.,11.90289,0.71666
3,10,4.11176,1,.,11.90289,0.71666
3,12,3.94967,1,.,11.90289,0.71666
3,14,3.42979,1,.,11.90289,0.71666
3,16,3.33878,1,.,11.90289,0.71666
3,16.75945,1,2,.,11.90289,0.71666
3,18,2.60488,1,.,11.90289,0.71666
3,20,2.70823,1,.,11.90289,0.71666
3,22,2.57042,1,.,11.90289,0.71666
3,24,1.63578,1,.,11.90289,0.71666
3,26,1.71208,1,.,11.90289,0.71666
3,28,1.55462,1,.,11.90289,0.71666
3,30,1.34073,1,.,11.90289,0.71666
4,0,0,2,.,12.32025,0.6637
4,0,.,.,100,12.32025,0.6637
4,2,5.91582,1,.,12.32025,0.6637
4,4,6.89081,1,.,12.32025,0.6637
4,6,7.11391,1,.,12.32025,0.6637
4,8,5.80494,1,.,12.32025,0.6637
4,10,4.89988,1,.,12.32025,0.6637
4,12,4.16958,1,.,12.32025,0.6637
4,14,3.89906,1,.,12.32025,0.6637
4,16,3.20142,1,.,12.32025,0.6637
4,18,2.85631,1,.,12.32025,0.6637
4,20,2.41544,1,.,12.32025,0.6637
4,22,2.35423,1,.,12.32025,0.6637
4,24,2.44812,1,.,12.32025,0.6637
4,26,1.99869,1,.,12.32025,0.6637
4,28,1.85391,1,.,12.32025,0.6637
4,30,1.77702,1,.,12.32025,0.6637
4,35,0,2,.,12.32025,0.6637
5,0,0,2,.,13.10193,0.92328
5,0,.,.,100,13.10193,0.92328
5,2,7.38665,1,.,13.10193,0.92328
5,4,5.31975,1,.,13.10193,0.92328
5,6,4.6397,1,.,13.10193,0.92328
5,8,4.79073,1,.,13.10193,0.92328
5,10,4.07957,1,.,13.10193,0.92328
5,12,3.34874,1,.,13.10193,0.92328
5,14,2.9507,1,.,13.10193,0.92328
5,16,2.49089,1,.,13.10193,0.92328
5,18,1.7639,1,.,13.10193,0.92328
5,20,1.65441,1,.,13.10193,0.92328
5,22,1.26221,1,.,13.10193,0.92328
5,24,1.52006,1,.,13.10193,0.92328
5,26,0.95519,1,.,13.10193,0.92328
5,28,1.19892,1,.,13.10193,0.92328
5,30,0.86744,1,.,13.10193,0.92328
5,35,0,2,.,13.10193,0.92328
6,0,0,2,.,8.63275,1.05901
6,0,.,.,100,8.63275,1.05901
6,2,7.65023,1,.,8.63275,1.05901
6,4,6.82249,1,.,8.63275,1.05901
6,6,4.90275,1,.,8.63275,1.05901
6,8,5.28733,1,.,8.63275,1.05901
6,10,3.46178,1,.,8.63275,1.05901
6,12,2.55616,1,.,8.63275,1.05901
6,14,2.02024,1,.,8.63275,1.05901
6,16,1.40612,1,.,8.63275,1.05901
6,18,1.29708,1,.,8.63275,1.05901
6,20,1.0108,1,.,8.63275,1.05901
6,22,0.7457,1,.,8.63275,1.05901
6,24,0.5755,1,.,8.63275,1.05901
6,26,0.49092,1,.,8.63275,1.05901
6,28,0.40434,1,.,8.63275,1.05901
6,30,0.28535,1,.,8.63275,1.05901
6,35,0,2,.,8.63275,1.05901
7,0,0,2,.,11.8197,0.88591
7,0,.,.,100,11.8197,0.88591
7,2,7.28899,1,.,11.8197,0.88591
7,2.94347,1,2,.,11.8197,0.88591
7,4,6.05892,1,.,11.8197,0.88591
7,6,5.3174,1,.,11.8197,0.88591
7,8,4.45291,1,.,11.8197,0.88591
7,10,3.73716,1,.,11.8197,0.88591
7,12,2.94849,1,.,11.8197,0.88591
7,14,2.78681,1,.,11.8197,0.88591
7,16,2.41458,1,.,11.8197,0.88591
7,18,2.32832,1,.,11.8197,0.88591
7,20,2.20152,1,.,11.8197,0.88591
7,22,1.664,1,.,11.8197,0.88591
7,24,1.50428,1,.,11.8197,0.88591
7,26,1.50544,1,.,11.8197,0.88591
7,28,0.91051,1,.,11.8197,0.88591
7,30,0.90397,1,.,11.8197,0.88591
8,0,0,2,.,10.01735,1.07795
8,0,.,.,100,10.01735,1.07795
8,0.98341,1,2,.,10.01735,1.07795
8,2,7.22859,1,.,10.01735,1.07795
8,4,6.10619,1,.,10.01735,1.07795
8,6,5.12598,1,.,10.01735,1.07795
8,8,4.02301,1,.,10.01735,1.07795
8,10,3.56726,1,.,10.01735,1.07795
8,12,2.68542,1,.,10.01735,1.07795
8,14,1.77733,1,.,10.01735,1.07795
8,16,1.69306,1,.,10.01735,1.07795
8,18,1.49948,1,.,10.01735,1.07795
8,20,1.23957,1,.,10.01735,1.07795
8,22,0.88168,1,.,10.01735,1.07795
8,24,0.85947,1,.,10.01735,1.07795
8,26,0.62806,1,.,10.01735,1.07795
8,28,0.5111,1,.,10.01735,1.07795
8,30,0.3974,1,.,10.01735,1.07795
9,0,0,2,.,8.15453,1.51121
9,0,.,.,100,8.15453,1.51121
9,2,7.13595,1,.,8.15453,1.51121
9,2.71265,1,2,.,8.15453,1.51121
9,4,6.01099,1,.,8.15453,1.51121
9,6,4.46982,1,.,8.15453,1.51121
9,8,2.84856,1,.,8.15453,1.51121
9,10,1.98002,1,.,8.15453,1.51121
9,12,1.18783,1,.,8.15453,1.51121
9,14,1.07917,1,.,8.15453,1.51121
9,16,0.58111,1,.,8.15453,1.51121
9,18,0.36309,1,.,8.15453,1.51121
9,20,0.2689,1,.,8.15453,1.51121
9,22,0.19821,1,.,8.15453,1.51121
9,24,0.15173,1,.,8.15453,1.51121
9,26,0.09314,1,.,8.15453,1.51121
9,28,0.06084,1,.,8.15453,1.51121
9,30,0.04797,1,.,8.15453,1.51121
10,0,0,2,.,7.30494,1.25989
10,0,.,.,100,7.30494,1.25989
10,2,11.61589,1,.,7.30494,1.25989
10,4,7.25444,1,.,7.30494,1.25989
10,6,4.82515,1,.,7.30494,1.25989
10,8,3.10012,1,.,7.30494,1.25989
10,10,2.29427,1,.,7.30494,1.25989
10,12,1.84229,1,.,7.30494,1.25989
10,14,1.211,1,.,7.30494,1.25989
10,15.87719,1,2,.,7.30494,1.25989
10,16,0.82187,1,.,7.30494,1.25989
10,18,0.51807,1,.,7.30494,1.25989
10,20,0.43165,1,.,7.30494,1.25989
10,22,0.36456,1,.,7.30494,1.25989
10,24,0.20451,1,.,7.30494,1.25989
10,26,0.15123,1,.,7.30494,1.25989
10,28,0.11046,1,.,7.30494,1.25989
10,30,0.08964,1,.,7.30494,1.25989
11,0,0,2,.,14.86024,0.83836
11,0,.,.,100,14.86024,0.83836
11,2,6.07758,1,.,14.86024,0.83836
11,4,5.37545,1,.,14.86024,0.83836
11,6,4.92649,1,.,14.86024,0.83836
11,8,3.98021,1,.,14.86024,0.83836
11,10,3.59781,1,.,14.86024,0.83836
11,12,3.05396,1,.,14.86024,0.83836
11,14,2.78282,1,.,14.86024,0.83836
11,16,2.73675,1,.,14.86024,0.83836
11,18,2.47492,1,.,14.86024,0.83836
11,20,2.19057,1,.,14.86024,0.83836
11,22,2.00809,1,.,14.86024,0.83836
11,24,1.83407,1,.,14.86024,0.83836
11,26,1.71269,1,.,14.86024,0.83836
11,28,1.3849,1,.,14.86024,0.83836
11,30,1.31115,1,.,14.86024,0.83836
11,35,0,2,.,14.86024,0.83836
12,0,0,2,.,13.87008,0.95801
12,0,.,.,100,13.87008,0.95801
12,2,6.37255,1,.,13.87008,0.95801
12,4,5.27162,1,.,13.87008,0.95801
12,6,4.57767,1,.,13.87008,0.95801
12,8,3.82717,1,.,13.87008,0.95801
12,10,3.69949,1,.,13.87008,0.95801
12,12,2.97528,1,.,13.87008,0.95801
12,14,3.08353,1,.,13.87008,0.95801
12,16,2.82776,1,.,13.87008,0.95801
12,18,2.38769,1,.,13.87008,0.95801
12,20,2.02028,1,.,13.87008,0.95801
12,22,1.26084,1,.,13.87008,0.95801
12,24,1.35642,1,.,13.87008,0.95801
12,26,1.33712,1,.,13.87008,0.95801
12,28,1.00194,1,.,13.87008,0.95801
12,30,1.031,1,.,13.87008,0.95801
12,35,0,2,.,13.87008,0.95801
13,0,0,2,.,8.8896,1.18572
13,0,.,.,100,8.8896,1.18572
13,2,9.08835,1,.,8.8896,1.18572
13,4,5.9927,1,.,8.8896,1.18572
13,6,3.77981,1,.,8.8896,1.18572
13,8,3.70966,1,.,8.8896,1.18572
13,10,3.3965,1,.,8.8896,1.18572
13,10.20115,1,2,.,8.8896,1.18572
13,12,2.14847,1,.,8.8896,1.18572
13,14,1.99355,1,.,8.8896,1.18572
13,16,1.36336,1,.,8.8896,1.18572
13,18,0.91092,1,.,8.8896,1.18572
13,20,0.90585,1,.,8.8896,1.18572
13,22,0.5514,1,.,8.8896,1.18572
13,24,0.50681,1,.,8.8896,1.18572
13,26,0.38348,1,.,8.8896,1.18572
13,28,0.28255,1,.,8.8896,1.18572
13,30,0.22033,1,.,8.8896,1.18572
14,0,0,2,.,11.16111,0.86607
14,0,.,.,100,11.16111,0.86607
14,2,7.79789,1,.,11.16111,0.86607
14,4,5.67695,1,.,11.16111,0.86607
14,6,6.60775,1,.,11.16111,0.86607
14,8,3.93586,1,.,11.16111,0.86607
14,10,4.23163,1,.,11.16111,0.86607
14,12,3.87873,1,.,11.16111,0.86607
14,14,3.39511,1,.,11.16111,0.86607
14,16,2.3103,1,.,11.16111,0.86607
14,18,1.94381,1,.,11.16111,0.86607
14,20,1.8506,1,.,11.16111,0.86607
14,22,1.79783,1,.,11.16111,0.86607
14,24,1.2531,1,.,11.16111,0.86607
14,26,1.20234,1,.,11.16111,0.86607
14,28,1.03511,1,.,11.16111,0.86607
14,30,0.84393,1,.,11.16111,0.86607
14,35,0,2,.,11.16111,0.86607
15,0,0,2,.,9.44412,1.12347
15,0,.,.,100,9.44412,1.12347
15,2,7.99792,1,.,9.44412,1.12347
15,4,5.64858,1,.,9.44412,1.12347
15,6,5.05081,1,.,9.44412,1.12347
15,8,4.58483,1,.,9.44412,1.12347
15,10,3.03313,1,.,9.44412,1.12347
15,12,2.19429,1,.,9.44412,1.12347
15,14,1.94663,1,.,9.44412,1.12347
15,14.46665,1,2,.,9.44412,1.12347
15,16,1.48369,1,.,9.44412,1.12347
15,18,1.23135,1,.,9.44412,1.12347
15,20,0.85833,1,.,9.44412,1.12347
15,22,0.64918,1,.,9.44412,1.12347
15,24,0.57771,1,.,9.44412,1.12347
15,26,0.51023,1,.,9.44412,1.12347
15,28,0.41686,1,.,9.44412,1.12347
15,30,0.31964,1,.,9.44412,1.12347
16,0,0,2,.,9.19836,0.81592
16,0,.,.,100,9.19836,0.81592
16,2,9.16384,1,.,9.19836,0.81592
16,4,8.67676,1,.,9.19836,0.81592
16,6,6.37967,1,.,9.19836,0.81592
16,8,5.52726,1,.,9.19836,0.81592
16,10,4.10979,1,.,9.19836,0.81592
16,12,3.20539,1,.,9.19836,0.81592
16,14,3.45352,1,.,9.19836,0.81592
16,16,2.66632,1,.,9.19836,0.81592
16,16.44538,1,2,.,9.19836,0.81592
16,18,2.32839,1,.,9.19836,0.81592
16,20,1.70584,1,.,9.19836,0.81592
16,22,1.56389,1,.,9.19836,0.81592
16,24,1.06011,1,.,9.19836,0.81592
16,26,1.0108,1,.,9.19836,0.81592
16,28,0.90994,1,.,9.19836,0.81592
16,30,0.74534,1,.,9.19836,0.81592
17,0,0,2,.,10.13181,0.92424
17,0,.,.,100,10.13181,0.92424
17,2,9.41877,1,.,10.13181,0.92424
17,4,7.35143,1,.,10.13181,0.92424
17,6,5.50715,1,.,10.13181,0.92424
17,8,4.76381,1,.,10.13181,0.92424
17,10,4.26017,1,.,10.13181,0.92424
17,12,3.7561,1,.,10.13181,0.92424
17,14,3.02981,1,.,10.13181,0.92424
17,16,2.41273,1,.,10.13181,0.92424
17,18,1.74415,1,.,10.13181,0.92424
17,20,1.72427,1,.,10.13181,0.92424
17,22,1.2682,1,.,10.13181,0.92424
17,24,1.01682,1,.,10.13181,0.92424
17,24.61958,1,2,.,10.13181,0.92424
17,26,0.96603,1,.,10.13181,0.92424
17,28,0.76106,1,.,10.13181,0.92424
17,30,0.61494,1,.,10.13181,0.92424
18,0,0,2,.,13.37198,0.90572
18,0,.,.,100,13.37198,0.90572
18,2,6.34158,1,.,13.37198,0.90572
18,4,5.46285,1,.,13.37198,0.90572
18,6,3.84164,1,.,13.37198,0.90572
18,8,3.39806,1,.,13.37198,0.90572
18,10,3.60324,1,.,13.37198,0.90572
18,12,3.31827,1,.,13.37198,0.90572
18,14,2.36784,1,.,13.37198,0.90572
18,16,2.2475,1,.,13.37198,0.90572
18,18,2.39261,1,.,13.37198,0.90572
18,20,1.99339,1,.,13.37198,0.90572
18,22,1.81961,1,.,13.37198,0.90572
18,24,1.49753,1,.,13.37198,0.90572
18,26,1.25528,1,.,13.37198,0.90572
18,28,1.01876,1,.,13.37198,0.90572
18,30,0.85388,1,.,13.37198,0.90572
18,35,0,2,.,13.37198,0.90572
19,0,0,2,.,12.14708,0.8394
19,0,.,.,100,12.14708,0.8394
19,2,7.28865,1,.,12.14708,0.8394
19,4,6.86462,1,.,12.14708,0.8394
19,6,5.79625,1,.,12.14708,0.8394
19,8,5.05302,1,.,12.14708,0.8394
19,10,3.59773,1,.,12.14708,0.8394
19,12,3.72833,1,.,12.14708,0.8394
19,14,3.12517,1,.,12.14708,0.8394
19,16,2.77746,1,.,12.14708,0.8394
19,18,2.1823,1,.,12.14708,0.8394
19,20,2.28851,1,.,12.14708,0.8394
19,22,1.77217,1,.,12.14708,0.8394
19,24,1.43077,1,.,12.14708,0.8394
19,26,1.2474,1,.,12.14708,0.8394
19,28,1.17692,1,.,12.14708,0.8394
19,30,0.96095,1,.,12.14708,0.8394
19,35,0,2,.,12.14708,0.8394
20,0,0,2,.,10.65069,1.40831
20,0,.,.,100,10.65069,1.40831
20,0.44222,1,2,.,10.65069,1.40831
20,2,6.28596,1,.,10.65069,1.40831
20,4,5.66987,1,.,10.65069,1.40831
20,6,4.27709,1,.,10.65069,1.40831
20,8,3.18884,1,.,10.65069,1.40831
20,10,2.36927,1,.,10.65069,1.40831
20,12,2.03092,1,.,10.65069,1.40831
20,14,1.62693,1,.,10.65069,1.40831
20,16,1.04515,1,.,10.65069,1.40831
20,18,0.86638,1,.,10.65069,1.40831
20,20,0.71622,1,.,10.65069,1.40831
20,22,0.57841,1,.,10.65069,1.40831
20,24,0.43581,1,.,10.65069,1.40831
20,26,0.28365,1,.,10.65069,1.40831
20,28,0.20194,1,.,10.65069,1.40831
20,30,0.18833,1,.,10.65069,1.40831
21,0,0,2,.,7.74401,1.16976
21,0,.,.,100,7.74401,1.16976
21,2,10.13971,1,.,7.74401,1.16976
21,4,7.37551,1,.,7.74401,1.16976
21,6,5.5684,1,.,7.74401,1.16976
21,8,3.70806,1,.,7.74401,1.16976
21,10,2.58184,1,.,7.74401,1.16976
21,12,2.09839,1,.,7.74401,1.16976
21,14,1.46657,1,.,7.74401,1.16976
21,16,1.2123,1,.,7.74401,1.16976
21,18,1.00484,1,.,7.74401,1.16976
21,20,0.60033,1,.,7.74401,1.16976
21,22,0.56649,1,.,7.74401,1.16976
21,24,0.30717,1,.,7.74401,1.16976
21,26,0.24764,1,.,7.74401,1.16976
21,28,0.16116,1,.,7.74401,1.16976
21,30,0.14271,1,.,7.74401,1.16976
21,35,0,2,.,7.74401,1.16976
22,0,0,2,.,8.90862,0.85928
22,0,.,.,100,8.90862,0.85928
22,2,8.02291,1,.,8.90862,0.85928
22,4,8.60536,1,.,8.90862,0.85928
22,6,5.85431,1,.,8.90862,0.85928
22,8,5.29107,1,.,8.90862,0.85928
22,10,4.23754,1,.,8.90862,0.85928
22,12,4.05579,1,.,8.90862,0.85928
22,14,2.72695,1,.,8.90862,0.85928
22,16,2.66063,1,.,8.90862,0.85928
22,18,1.93481,1,.,8.90862,0.85928
22,20,1.74568,1,.,8.90862,0.85928
22,22,1.14747,1,.,8.90862,0.85928
22,24,1.13859,1,.,8.90862,0.85928
22,25.6463,1,2,.,8.90862,0.85928
22,26,0.93559,1,.,8.90862,0.85928
22,28,0.78323,1,.,8.90862,0.85928
22,30,0.648,1,.,8.90862,0.85928
23,0,0,2,.,7.66142,0.93336
23,0,.,.,100,7.66142,0.93336
23,2,11.00508,1,.,7.66142,0.93336
23,4,7.61523,1,.,7.66142,0.93336
23,6,5.74082,1,.,7.66142,0.93336
23,8,5.31913,1,.,7.66142,0.93336
23,10,3.88118,1,.,7.66142,0.93336
23,12,3.66466,1,.,7.66142,0.93336
23,13.53373,1,2,.,7.66142,0.93336
23,14,2.59372,1,.,7.66142,0.93336
23,16,1.71462,1,.,7.66142,0.93336
23,18,1.44507,1,.,7.66142,0.93336
23,20,1.27982,1,.,7.66142,0.93336
23,22,0.88473,1,.,7.66142,0.93336
23,24,0.72295,1,.,7.66142,0.93336
23,26,0.58331,1,.,7.66142,0.93336
23,28,0.3614,1,.,7.66142,0.93336
23,30,0.32526,1,.,7.66142,0.93336
24,0,0,2,.,11.63623,0.69638
24,0,.,.,100,11.63623,0.69638
24,2,8.94945,1,.,11.63623,0.69638
24,4,6.39714,1,.,11.63623,0.69638
24,6,6.16349,1,.,11.63623,0.69638
24,8,4.76901,1,.,11.63623,0.69638
24,10,5.00375,1,.,11.63623,0.69638
24,12,4.39755,1,.,11.63623,0.69638
24,14,3.29059,1,.,11.63623,0.69638
24,16,3.51839,1,.,11.63623,0.69638
24,18,2.75026,1,.,11.63623,0.69638
24,20,2.2896,1,.,11.63623,0.69638
24,22,2.18608,1,.,11.63623,0.69638
24,24,2.31767,1,.,11.63623,0.69638
24,26,2.02217,1,.,11.63623,0.69638
24,28,2.02693,1,.,11.63623,0.69638
24,30,1.68971,1,.,11.63623,0.69638
24,35,0,2,.,11.63623,0.69638
25,0,0,2,.,10.72475,1.61868
25,0,.,.,100,10.72475,1.61868
25,0.66933,1,2,.,10.72475,1.61868
25,2,6.46487,1,.,10.72475,1.61868
25,4,4.70686,1,.,10.72475,1.61868
25,6,3.41189,1,.,10.72475,1.61868
25,8,3.12109,1,.,10.72475,1.61868
25,10,2.05041,1,.,10.72475,1.61868
25,12,1.2702,1,.,10.72475,1.61868
25,14,0.88632,1,.,10.72475,1.61868
25,16,0.92641,1,.,10.72475,1.61868
25,18,0.63204,1,.,10.72475,1.61868
25,20,0.57133,1,.,10.72475,1.61868
25,22,0.29126,1,.,10.72475,1.61868
25,24,0.2651,1,.,10.72475,1.61868
25,26,0.15576,1,.,10.72475,1.61868
25,28,0.13395,1,.,10.72475,1.61868
25,30,0.12756,1,.,10.72475,1.61868
26,0,0,2,.,8.8277,1.83116
26,0,.,.,100,8.8277,1.83116
26,2,6.45504,1,.,8.8277,1.83116
26,4,5.04431,1,.,8.8277,1.83116
26,6,2.86027,1,.,8.8277,1.83116
26,8,2.22786,1,.,8.8277,1.83116
26,10,1.54109,1,.,8.8277,1.83116
26,12,0.8801,1,.,8.8277,1.83116
26,14,0.55225,1,.,8.8277,1.83116
26,16,0.40091,1,.,8.8277,1.83116
26,18,0.1983,1,.,8.8277,1.83116
26,20,0.16926,1,.,8.8277,1.83116
26,22,0.11713,1,.,8.8277,1.83116
26,24,0.08415,1,.,8.8277,1.83116
26,26,0.04364,1,.,8.8277,1.83116
26,28,0.0334,1,.,8.8277,1.83116
26,30,0.02234,1,.,8.8277,1.83116
26,35,0,2,.,8.8277,1.83116
27,0,0,2,.,10.88336,1.15699
27,0,.,.,100,10.88336,1.15699
27,2,8.6278,1,.,10.88336,1.15699
27,4,5.54643,1,.,10.88336,1.15699
27,6,3.80263,1,.,10.88336,1.15699
27,8,4.00061,1,.,10.88336,1.15699
27,10,3.04073,1,.,10.88336,1.15699
27,12,2.62694,1,.,10.88336,1.15699
27,14,2.28814,1,.,10.88336,1.15699
27,16,1.40798,1,.,10.88336,1.15699
27,18,1.13333,1,.,10.88336,1.15699
27,20,1.06438,1,.,10.88336,1.15699
27,22,0.91178,1,.,10.88336,1.15699
27,24,0.79188,1,.,10.88336,1.15699
27,26,0.59711,1,.,10.88336,1.15699
27,28,0.46303,1,.,10.88336,1.15699
27,30,0.30924,1,.,10.88336,1.15699
27,35,0,2,.,10.88336,1.15699
28,0,0,2,.,12.53327,0.95942
28,0,.,.,100,12.53327,0.95942
28,2,7.1278,1,.,12.53327,0.95942
28,4,5.31315,1,.,12.53327,0.95942
28,6,5.80496,1,.,12.53327,0.95942
28,8,3.91805,1,.,12.53327,0.95942
28,10,3.70114,1,.,12.53327,0.95942
28,12,3.54829,1,.,12.53327,0.95942
28,14,2.75234,1,.,12.53327,0.95942
28,16,2.28514,1,.,12.53327,0.95942
28,18,2.06957,1,.,12.53327,0.95942
28,20,1.50886,1,.,12.53327,0.95942
28,21.16247,1,2,.,12.53327,0.95942
28,22,1.51012,1,.,12.53327,0.95942
28,24,1.2109,1,.,12.53327,0.95942
28,26,1.07787,1,.,12.53327,0.95942
28,28,0.989,1,.,12.53327,0.95942
28,30,0.80475,1,.,12.53327,0.95942
29,0,0,2,.,10.85764,0.76862
29,0,.,.,100,10.85764,0.76862
29,2,7.56635,1,.,10.85764,0.76862
29,4,8.32861,1,.,10.85764,0.76862
29,6,6.56823,1,.,10.85764,0.76862
29,8,5.64193,1,.,10.85764,0.76862
29,10,4.20076,1,.,10.85764,0.76862
29,12,3.78802,1,.,10.85764,0.76862
29,14,3.38337,1,.,10.85764,0.76862
29,16,3.16734,1,.,10.85764,0.76862
29,18,2.46675,1,.,10.85764,0.76862
29,20,2.27152,1,.,10.85764,0.76862
29,22,2.05808,1,.,10.85764,0.76862
29,24,1.54732,1,.,10.85764,0.76862
29,26,1.45952,1,.,10.85764,0.76862
29,28,1.24332,1,.,10.85764,0.76862
29,30,1.1595,1,.,10.85764,0.76862
29,34.62945,1,2,.,10.85764,0.76862
30,0,0,2,.,9.29857,0.81386
30,0,.,.,100,9.29857,0.81386
30,2,10.33928,1,.,9.29857,0.81386
30,4,7.30395,1,.,9.29857,0.81386
30,5.85679,1,2,.,9.29857,0.81386
30,6,5.55217,1,.,9.29857,0.81386
30,8,6.14903,1,.,9.29857,0.81386
30,10,5.05438,1,.,9.29857,0.81386
30,12,3.22523,1,.,9.29857,0.81386
30,14,3.47944,1,.,9.29857,0.81386
30,16,2.81518,1,.,9.29857,0.81386
30,18,2.41229,1,.,9.29857,0.81386
30,20,1.80056,1,.,9.29857,0.81386
30,22,1.58459,1,.,9.29857,0.81386
30,24,1.3093,1,.,9.29857,0.81386
30,26,0.93493,1,.,9.29857,0.81386
30,28,0.84698,1,.,9.29857,0.81386
30,30,0.77807,1,.,9.29857,0.81386
31,0,0,2,.,13.37306,1.00948
31,0,.,.,100,13.37306,1.00948
31,2,7.47833,1,.,13.37306,1.00948
31,4,6.01827,1,.,13.37306,1.00948
31,6,5.58053,1,.,13.37306,1.00948
31,8,4.18443,1,.,13.37306,1.00948
31,10,3.08095,1,.,13.37306,1.00948
31,12,2.66428,1,.,13.37306,1.00948
31,14,2.45903,1,.,13.37306,1.00948
31,16,2.11687,1,.,13.37306,1.00948
31,18,1.95635,1,.,13.37306,1.00948
31,20,1.65021,1,.,13.37306,1.00948
31,22,1.43717,1,.,13.37306,1.00948
31,24,1.2032,1,.,13.37306,1.00948
31,26,1.0863,1,.,13.37306,1.00948
31,28,0.88936,1,.,13.37306,1.00948
31,30,0.71936,1,.,13.37306,1.00948
31,35,0,2,.,13.37306,1.00948
32,0,0,2,.,13.36856,0.82041
32,0,.,.,100,13.36856,0.82041
32,2,6.79518,1,.,13.36856,0.82041
32,4,6.752,1,.,13.36856,0.82041
32,6,5.24972,1,.,13.36856,0.82041
32,8,3.94141,1,.,13.36856,0.82041
32,10,4.01609,1,.,13.36856,0.82041
32,12,3.14206,1,.,13.36856,0.82041
32,14,2.83875,1,.,13.36856,0.82041
32,16,2.50585,1,.,13.36856,0.82041
32,18,2.62096,1,.,13.36856,0.82041
32,20,1.65076,1,.,13.36856,0.82041
32,22,1.95578,1,.,13.36856,0.82041
32,24,1.52943,1,.,13.36856,0.82041
32,26,1.55826,1,.,13.36856,0.82041
32,28,1.09665,1,.,13.36856,0.82041
32,30,1.34103,1,.,13.36856,0.82041
32,35,0,2,.,13.36856,0.82041
33,0,0,2,.,12.93716,1.12387
33,0,.,.,100,12.93716,1.12387
33,2,6.09174,1,.,12.93716,1.12387
33,4,5.67804,1,.,12.93716,1.12387
33,6,4.44043,1,.,12.93716,1.12387
33,8,4.27474,1,.,12.93716,1.12387
33,10,3.46367,1,.,12.93716,1.12387
33,12,2.32562,1,.,12.93716,1.12387
33,14,2.31474,1,.,12.93716,1.12387
33,16,2.15497,1,.,12.93716,1.12387
33,18,1.42907,1,.,12.93716,1.12387
33,20,1.30702,1,.,12.93716,1.12387
33,22,1.24429,1,.,12.93716,1.12387
33,24,1.04181,1,.,12.93716,1.12387
33,26,0.68953,1,.,12.93716,1.12387
33,28,0.66477,1,.,12.93716,1.12387
33,30,0.61712,1,.,12.93716,1.12387
33,35,0,2,.,12.93716,1.12387
34,0,0,2,.,9.92248,1.07576
34,0,.,.,100,9.92248,1.07576
34,2,7.16861,1,.,9.92248,1.07576
34,4,7.32454,1,.,9.92248,1.07576
34,6,5.19848,1,.,9.92248,1.07576
34,8,5.09449,1,.,9.92248,1.07576
34,10,3.80734,1,.,9.92248,1.07576
34,12,2.51752,1,.,9.92248,1.07576
34,14,2.2917,1,.,9.92248,1.07576
34,16,1.48147,1,.,9.92248,1.07576
34,18,1.59426,1,.,9.92248,1.07576
34,20,1.17249,1,.,9.92248,1.07576
34,22,1.12739,1,.,9.92248,1.07576
34,24,0.78522,1,.,9.92248,1.07576
34,26,0.6769,1,.,9.92248,1.07576
34,28,0.40038,1,.,9.92248,1.07576
34,30,0.39252,1,.,9.92248,1.07576
34,35,0,2,.,9.92248,1.07576
35,0,0,2,.,9.80919,0.81772
35,0,.,.,100,9.80919,0.81772
35,2,9.47553,1,.,9.80919,0.81772
35,4,6.66778,1,.,9.80919,0.81772
35,6,5.0667,1,.,9.80919,0.81772
35,8,6.08717,1,.,9.80919,0.81772
35,10,3.81137,1,.,9.80919,0.81772
35,12,4.09033,1,.,9.80919,0.81772
35,14,3.34037,1,.,9.80919,0.81772
35,16,2.93262,1,.,9.80919,0.81772
35,18,2.31237,1,.,9.80919,0.81772
35,20,1.90779,1,.,9.80919,0.81772
35,22,1.40119,1,.,9.80919,0.81772
35,24,1.45861,1,.,9.80919,0.81772
35,26,1.02708,1,.,9.80919,0.81772
35,28,1.09236,1,.,9.80919,0.81772
35,30,0.74219,1,.,9.80919,0.81772
35,35,0,2,.,9.80919,0.81772
36,0,0,2,.,10.0007,1.35705
36,0,.,.,100,10.0007,1.35705
36,2,8.6925,1,.,10.0007,1.35705
36,4,5.56554,1,.,10.0007,1.35705
36,6,4.27595,1,.,10.0007,1.35705
36,7.37619,1,2,.,10.0007,1.35705
36,8,3.45808,1,.,10.0007,1.35705
36,10,2.3923,1,.,10.0007,1.35705
36,12,1.87171,1,.,10.0007,1.35705
36,14,1.44772,1,.,10.0007,1.35705
36,16,0.98377,1,.,10.0007,1.35705
36,18,0.74654,1,.,10.0007,1.35705
36,20,0.74585,1,.,10.0007,1.35705
36,22,0.44757,1,.,10.0007,1.35705
36,24,0.40631,1,.,10.0007,1.35705
36,26,0.28271,1,.,10.0007,1.35705
36,28,0.21227,1,.,10.0007,1.35705
36,30,0.17797,1,.,10.0007,1.35705
37,0,0,2,.,13.24061,1.00348
37,0,.,.,100,13.24061,1.00348
37,2,6.09319,1,.,13.24061,1.00348
37,4,5.76544,1,.,13.24061,1.00348
37,6,5.16194,1,.,13.24061,1.00348
37,8,3.97334,1,.,13.24061,1.00348
37,10,2.6251,1,.,13.24061,1.00348
37,12,3.34869,1,.,13.24061,1.00348
37,14,2.43548,1,.,13.24061,1.00348
37,16,2.05717,1,.,13.24061,1.00348
37,18,1.64973,1,.,13.24061,1.00348
37,20,1.78037,1,.,13.24061,1.00348
37,22,1.55916,1,.,13.24061,1.00348
37,24,1.11533,1,.,13.24061,1.00348
37,26,1.09965,1,.,13.24061,1.00348
37,28,0.72324,1,.,13.24061,1.00348
37,30,0.76046,1,.,13.24061,1.00348
37,35,0,2,.,13.24061,1.00348
38,0,0,2,.,11.05595,1.09874
38,0,.,.,100,11.05595,1.09874
38,0.12157,1,2,.,11.05595,1.09874
38,2,8.31861,1,.,11.05595,1.09874
38,4,7.02561,1,.,11.05595,1.09874
38,6,5.05259,1,.,11.05595,1.09874
38,8,3.41481,1,.,11.05595,1.09874
38,10,3.35771,1,.,11.05595,1.09874
38,12,2.97076,1,.,11.05595,1.09874
38,14,1.809,1,.,11.05595,1.09874
38,16,1.76815,1,.,11.05595,1.09874
38,18,1.37409,1,.,11.05595,1.09874
38,20,1.25613,1,.,11.05595,1.09874
38,22,1.15844,1,.,11.05595,1.09874
38,24,0.75771,1,.,11.05595,1.09874
38,26,0.73349,1,.,11.05595,1.09874
38,28,0.59426,1,.,11.05595,1.09874
38,30,0.49657,1,.,11.05595,1.09874
39,0,0,2,.,12.76175,1.51713
39,0,.,.,100,12.76175,1.51713
39,2,5.96011,1,.,12.76175,1.51713
39,4,5.34673,1,.,12.76175,1.51713
39,6,3.92126,1,.,12.76175,1.51713
39,8,3.15173,1,.,12.76175,1.51713
39,10,2.47149,1,.,12.76175,1.51713
39,12,1.83598,1,.,12.76175,1.51713
39,14,1.39275,1,.,12.76175,1.51713
39,16,1.21099,1,.,12.76175,1.51713
39,18,0.90253,1,.,12.76175,1.51713
39,20,0.70256,1,.,12.76175,1.51713
39,22,0.63979,1,.,12.76175,1.51713
39,24,0.43628,1,.,12.76175,1.51713
39,24.32111,1,2,.,12.76175,1.51713
39,26,0.32703,1,.,12.76175,1.51713
39,28,0.26071,1,.,12.76175,1.51713
39,30,0.21612,1,.,12.76175,1.51713
40,0,0,2,.,9.31963,0.81113
40,0,.,.,100,9.31963,0.81113
40,2,8.22685,1,.,9.31963,0.81113
40,4,7.60112,1,.,9.31963,0.81113
40,6,7.13433,1,.,9.31963,0.81113
40,8,5.1964,1,.,9.31963,0.81113
40,10,4.13199,1,.,9.31963,0.81113
40,12,4.05323,1,.,9.31963,0.81113
40,14,2.98111,1,.,9.31963,0.81113
40,16,2.47767,1,.,9.31963,0.81113
40,18,1.97917,1,.,9.31963,0.81113
40,20,1.8456,1,.,9.31963,0.81113
40,22,1.37541,1,.,9.31963,0.81113
40,24,1.38782,1,.,9.31963,0.81113
40,26,1.19101,1,.,9.31963,0.81113
40,28,0.97947,1,.,9.31963,0.81113
40,30,0.78355,1,.,9.31963,0.81113
40,35,0,2,.,9.31963,0.81113
41,0,0,2,.,8.98368,1.16659
41,0,.,.,100,8.98368,1.16659
41,1.35766,1,2,.,8.98368,1.16659
41,2,8.73513,1,.,8.98368,1.16659
41,4,6.44354,1,.,8.98368,1.16659
41,6,4.19231,1,.,8.98368,1.16659
41,8,3.19803,1,.,8.98368,1.16659
41,10,3.10998,1,.,8.98368,1.16659
41,12,2.64787,1,.,8.98368,1.16659
41,14,1.98101,1,.,8.98368,1.16659
41,16,1.5933,1,.,8.98368,1.16659
41,18,1.03828,1,.,8.98368,1.16659
41,20,0.85325,1,.,8.98368,1.16659
41,22,0.70339,1,.,8.98368,1.16659
41,24,0.4746,1,.,8.98368,1.16659
41,26,0.36376,1,.,8.98368,1.16659
41,28,0.31525,1,.,8.98368,1.16659
41,30,0.23195,1,.,8.98368,1.16659
42,0,0,2,.,10.35527,1.09244
42,0,.,.,100,10.35527,1.09244
42,2,8.36264,1,.,10.35527,1.09244
42,4,6.00744,1,.,10.35527,1.09244
42,6,5.14587,1,.,10.35527,1.09244
42,8,4.05763,1,.,10.35527,1.09244
42,10,3.46554,1,.,10.35527,1.09244
42,12,2.53381,1,.,10.35527,1.09244
42,14,2.37447,1,.,10.35527,1.09244
42,16,1.50698,1,.,10.35527,1.09244
42,18,1.46368,1,.,10.35527,1.09244
42,20,1.16842,1,.,10.35527,1.09244
42,22,0.89622,1,.,10.35527,1.09244
42,24,0.75013,1,.,10.35527,1.09244
42,26,0.6147,1,.,10.35527,1.09244
42,28,0.5224,1,.,10.35527,1.09244
42,30,0.42086,1,.,10.35527,1.09244
42,35,0,2,.,10.35527,1.09244
43,0,0,2,.,10.42816,1.41356
43,0,.,.,100,10.42816,1.41356
43,2,6.44349,1,.,10.42816,1.41356
43,4,5.58352,1,.,10.42816,1.41356
43,6,3.68191,1,.,10.42816,1.41356
43,8,2.78871,1,.,10.42816,1.41356
43,10,2.27991,1,.,10.42816,1.41356
43,12,2.06544,1,.,10.42816,1.41356
43,14,1.61477,1,.,10.42816,1.41356
43,16,1.15639,1,.,10.42816,1.41356
43,18,0.87114,1,.,10.42816,1.41356
43,20,0.67291,1,.,10.42816,1.41356
43,22,0.44884,1,.,10.42816,1.41356
43,24,0.36064,1,.,10.42816,1.41356
43,26,0.31733,1,.,10.42816,1.41356
43,28,0.22456,1,.,10.42816,1.41356
43,30,0.17951,1,.,10.42816,1.41356
43,31.12088,1,2,.,10.42816,1.41356
44,0,0,2,.,7.27629,0.81447
44,0,.,.,100,7.27629,0.81447
44,2,13.4516,1,.,7.27629,0.81447
44,4,9.13741,1,.,7.27629,0.81447
44,6,7.67551,1,.,7.27629,0.81447
44,8,5.74333,1,.,7.27629,0.81447
44,10,4.97697,1,.,7.27629,0.81447
44,12,4.34498,1,.,7.27629,0.81447
44,14,3.06458,1,.,7.27629,0.81447
44,16,2.50708,1,.,7.27629,0.81447
44,18,1.87688,1,.,7.27629,0.81447
44,20,1.38327,1,.,7.27629,0.81447
44,22,1.31263,1,.,7.27629,0.81447
44,24,0.73711,1,.,7.27629,0.81447
44,26,0.66411,1,.,7.27629,0.81447
44,28,0.53537,1,.,7.27629,0.81447
44,30,0.50066,1,.,7.27629,0.81447
44,35,0,2,.,7.27629,0.81447
45,0,0,2,.,10.59682,1.06069
45,0,.,.,100,10.59682,1.06069
45,2,7.50585,1,.,10.59682,1.06069
45,4,7.52495,1,.,10.59682,1.06069
45,6,5.03027,1,.,10.59682,1.06069
45,8,4.23746,1,.,10.59682,1.06069
45,9.51457,1,2,.,10.59682,1.06069
45,10,3.37305,1,.,10.59682,1.06069
45,12,2.87712,1,.,10.59682,1.06069
45,14,2.38122,1,.,10.59682,1.06069
45,16,1.63159,1,.,10.59682,1.06069
45,18,1.34502,1,.,10.59682,1.06069
45,20,1.25151,1,.,10.59682,1.06069
45,22,1.11234,1,.,10.59682,1.06069
45,24,0.74634,1,.,10.59682,1.06069
45,26,0.63394,1,.,10.59682,1.06069
45,28,0.4957,1,.,10.59682,1.06069
45,30,0.45828,1,.,10.59682,1.06069
46,0,0,2,.,9.44907,0.96852
46,0,.,.,100,9.44907,0.96852
46,2,9.38846,1,.,9.44907,0.96852
46,4,6.20495,1,.,9.44907,0.96852
46,6,5.32136,1,.,9.44907,0.96852
46,8,4.9805,1,.,9.44907,0.96852
46,10,3.73988,1,.,9.44907,0.96852
46,12,3.24681,1,.,9.44907,0.96852
46,14,2.32884,1,.,9.44907,0.96852
46,16,2.07245,1,.,9.44907,0.96852
46,18,1.62404,1,.,9.44907,0.96852
46,20,1.37204,1,.,9.44907,0.96852
46,22,1.25323,1,.,9.44907,0.96852
46,24,0.82119,1,.,9.44907,0.96852
46,26,0.81164,1,.,9.44907,0.96852
46,28,0.53859,1,.,9.44907,0.96852
46,30,0.56712,1,.,9.44907,0.96852
46,35,0,2,.,9.44907,0.96852
47,0,0,2,.,7.76675,1.01464
47,0,.,.,100,7.76675,1.01464
47,2,8.85742,1,.,7.76675,1.01464
47,4,5.2465,1,.,7.76675,1.01464
47,6,5.38827,1,.,7.76675,1.01464
47,8,4.29733,1,.,7.76675,1.01464
47,10,3.60536,1,.,7.76675,1.01464
47,12,2.85541,1,.,7.76675,1.01464
47,14,2.02542,1,.,7.76675,1.01464
47,16,1.94429,1,.,7.76675,1.01464
47,18,0.88393,1,.,7.76675,1.01464
47,20,0.66518,1,.,7.76675,1.01464
47,22,0.71224,1,.,7.76675,1.01464
47,24,0.60569,1,.,7.76675,1.01464
47,26,0.47881,1,.,7.76675,1.01464
47,28,0.35429,1,.,7.76675,1.01464
47,29.38483,1,2,.,7.76675,1.01464
47,30,0.27466,1,.,7.76675,1.01464
48,0,0,2,.,8.07902,0.84663
48,0,.,.,100,8.07902,0.84663
48,2,8.74742,1,.,8.07902,0.84663
48,4,8.79544,1,.,8.07902,0.84663
48,4.17498,1,2,.,8.07902,0.84663
48,6,6.89126,1,.,8.07902,0.84663
48,8,5.91245,1,.,8.07902,0.84663
48,10,4.45747,1,.,8.07902,0.84663
48,12,3.91825,1,.,8.07902,0.84663
48,14,2.72497,1,.,8.07902,0.84663
48,16,2.19277,1,.,8.07902,0.84663
48,18,1.6511,1,.,8.07902,0.84663
48,20,1.47278,1,.,8.07902,0.84663
48,22,1.27417,1,.,8.07902,0.84663
48,24,0.94796,1,.,8.07902,0.84663
48,26,0.76567,1,.,8.07902,0.84663
48,28,0.68813,1,.,8.07902,0.84663
48,30,0.50194,1,.,8.07902,0.84663
49,0,0,2,.,7.73349,1.07466
49,0,.,.,100,7.73349,1.07466
49,2,7.42151,1,.,7.73349,1.07466
49,4,7.56549,1,.,7.73349,1.07466
49,6,6.74474,1,.,7.73349,1.07466
49,8,4.22975,1,.,7.73349,1.07466
49,10,3.06408,1,.,7.73349,1.07466
49,12,3.0065,1,.,7.73349,1.07466
49,14,2.00302,1,.,7.73349,1.07466
49,16,1.33703,1,.,7.73349,1.07466
49,18,1.02995,1,.,7.73349,1.07466
49,20,0.85858,1,.,7.73349,1.07466
49,22,0.49384,1,.,7.73349,1.07466
49,24,0.54268,1,.,7.73349,1.07466
49,26,0.39958,1,.,7.73349,1.07466
49,28,0.29583,1,.,7.73349,1.07466
49,30,0.21931,1,.,7.73349,1.07466
49,35,0,2,.,7.73349,1.07466
50,0,0,2,.,11.35264,1.07157
50,0,.,.,100,11.35264,1.07157
50,2,8.03718,1,.,11.35264,1.07157
50,4,7.38187,1,.,11.35264,1.07157
50,6,5.15303,1,.,11.35264,1.07157
50,8,3.82488,1,.,11.35264,1.07157
50,10,3.83541,1,.,11.35264,1.07157
50,12,3.4122,1,.,11.35264,1.07157
50,14,2.15463,1,.,11.35264,1.07157
50,16,1.84151,1,.,11.35264,1.07157
50,16.59413,1,2,.,11.35264,1.07157
50,18,1.55999,1,.,11.35264,1.07157
50,20,1.46786,1,.,11.35264,1.07157
50,22,1.22244,1,.,11.35264,1.07157
50,24,0.92379,1,.,11.35264,1.07157
50,26,0.72213,1,.,11.35264,1.07157
50,28,0.72058,1,.,11.35264,1.07157
50,30,0.44706,1,.,11.35264,1.07157
51,0,0,2,.,12.26325,0.79553
51,0,.,.,100,12.26325,0.79553
51,2,7.40556,1,.,12.26325,0.79553
51,4,6.46642,1,.,12.26325,0.79553
51,6,5.82949,1,.,12.26325,0.79553
51,8,4.99383,1,.,12.26325,0.79553
51,10,4.63008,1,.,12.26325,0.79553
51,12,3.92543,1,.,12.26325,0.79553
51,14,3.11769,1,.,12.26325,0.79553
51,15.85709,1,2,.,12.26325,0.79553
51,16,3.42843,1,.,12.26325,0.79553
51,18,3.31111,1,.,12.26325,0.79553
51,20,2.24826,1,.,12.26325,0.79553
51,22,2.20602,1,.,12.26325,0.79553
51,24,1.70321,1,.,12.26325,0.79553
51,26,1.32186,1,.,12.26325,0.79553
51,28,1.49816,1,.,12.26325,0.79553
51,30,1.12691,1,.,12.26325,0.79553
52,0,0,2,.,10.70311,0.79008
52,0,.,.,100,10.70311,0.79008
52,2,8.3785,1,.,10.70311,0.79008
52,4,6.93492,1,.,10.70311,0.79008
52,6,5.87412,1,.,10.70311,0.79008
52,8,5.39266,1,.,10.70311,0.79008
52,10,5.16594,1,.,10.70311,0.79008
52,12,3.2801,1,.,10.70311,0.79008
52,14,3.39965,1,.,10.70311,0.79008
52,16,2.33851,1,.,10.70311,0.79008
52,18,2.49046,1,.,10.70311,0.79008
52,20,2.01792,1,.,10.70311,0.79008
52,22,1.74264,1,.,10.70311,0.79008
52,24,1.62454,1,.,10.70311,0.79008
52,26,1.3477,1,.,10.70311,0.79008
52,28,1.15903,1,.,10.70311,0.79008
52,30,0.94455,1,.,10.70311,0.79008
52,35,0,2,.,10.70311,0.79008
53,0,0,2,.,10.77472,0.80087
53,0,.,.,100,10.77472,0.80087
53,2,6.8001,1,.,10.77472,0.80087
53,4,5.6587,1,.,10.77472,0.80087
53,6,6.52862,1,.,10.77472,0.80087
53,8,4.93754,1,.,10.77472,0.80087
53,10,4.69552,1,.,10.77472,0.80087
53,12,4.05488,1,.,10.77472,0.80087
53,14,2.6477,1,.,10.77472,0.80087
53,14.02076,1,2,.,10.77472,0.80087
53,16,3.53712,1,.,10.77472,0.80087
53,18,2.36878,1,.,10.77472,0.80087
53,20,2.24619,1,.,10.77472,0.80087
53,22,1.69264,1,.,10.77472,0.80087
53,24,1.3114,1,.,10.77472,0.80087
53,26,1.22939,1,.,10.77472,0.80087
53,28,1.11935,1,.,10.77472,0.80087
53,30,0.97503,1,.,10.77472,0.80087
54,0,0,2,.,7.41003,0.88991
54,0,.,.,100,7.41003,0.88991
54,2,10.62053,1,.,7.41003,0.88991
54,4,8.19456,1,.,7.41003,0.88991
54,6,6.37343,1,.,7.41003,0.88991
54,8,4.93054,1,.,7.41003,0.88991
54,10,4.19796,1,.,7.41003,0.88991
54,12,2.75332,1,.,7.41003,0.88991
54,14,3.05281,1,.,7.41003,0.88991
54,16,2.10917,1,.,7.41003,0.88991
54,18,1.61262,1,.,7.41003,0.88991
54,20,1.14918,1,.,7.41003,0.88991
54,22,0.96214,1,.,7.41003,0.88991
54,24,0.65348,1,.,7.41003,0.88991
54,26,0.65985,1,.,7.41003,0.88991
54,28,0.47012,1,.,7.41003,0.88991
54,30,0.34881,1,.,7.41003,0.88991
54,35,0,2,.,7.41003,0.88991
55,0,0,2,.,10.28797,1.05031
55,0,.,.,100,10.28797,1.05031
55,2,8.39424,1,.,10.28797,1.05031
55,4,6.94277,1,.,10.28797,1.05031
55,6,5.45541,1,.,10.28797,1.05031
55,8,4.30221,1,.,10.28797,1.05031
55,9.37898,1,2,.,10.28797,1.05031
55,10,3.49109,1,.,10.28797,1.05031
55,12,2.8259,1,.,10.28797,1.05031
55,14,2.69005,1,.,10.28797,1.05031
55,16,2.05058,1,.,10.28797,1.05031
55,18,1.71996,1,.,10.28797,1.05031
55,20,1.41032,1,.,10.28797,1.05031
55,22,0.84595,1,.,10.28797,1.05031
55,24,0.68275,1,.,10.28797,1.05031
55,26,0.58788,1,.,10.28797,1.05031
55,28,0.56862,1,.,10.28797,1.05031
55,30,0.53583,1,.,10.28797,1.05031
56,0,0,2,.,11.25741,0.97699
56,0,.,.,100,11.25741,0.97699
56,2,7.67623,1,.,11.25741,0.97699
56,4,6.02649,1,.,11.25741,0.97699
56,6,5.09158,1,.,11.25741,0.97699
56,8,4.4739,1,.,11.25741,0.97699
56,10,3.9155,1,.,11.25741,0.97699
56,12,2.93931,1,.,11.25741,0.97699
56,14,2.5657,1,.,11.25741,0.97699
56,16,2.41324,1,.,11.25741,0.97699
56,18,2.08517,1,.,11.25741,0.97699
56,20,1.47662,1,.,11.25741,0.97699
56,22,1.43091,1,.,11.25741,0.97699
56,24,0.99519,1,.,11.25741,0.97699
56,26,0.91519,1,.,11.25741,0.97699
56,27.78109,1,2,.,11.25741,0.97699
56,28,0.64186,1,.,11.25741,0.97699
56,30,0.77472,1,.,11.25741,0.97699
57,0,0,2,.,10.57471,0.98542
57,0,.,.,100,10.57471,0.98542
57,2,7.61896,1,.,10.57471,0.98542
57,4,6.87954,1,.,10.57471,0.98542
57,6,4.81312,1,.,10.57471,0.98542
57,8,5.19766,1,.,10.57471,0.98542
57,10,3.68565,1,.,10.57471,0.98542
57,12,2.98031,1,.,10.57471,0.98542
57,14,2.66849,1,.,10.57471,0.98542
57,16,2.12607,1,.,10.57471,0.98542
57,18,1.70952,1,.,10.57471,0.98542
57,20,1.1732,1,.,10.57471,0.98542
57,22,1.22997,1,.,10.57471,0.98542
57,24,1.14816,1,.,10.57471,0.98542
57,26,0.92582,1,.,10.57471,0.98542
57,28,0.549,1,.,10.57471,0.98542
57,30,0.47858,1,.,10.57471,0.98542
57,35,0,2,.,10.57471,0.98542
58,0,0,2,.,14.53892,1.22137
58,0,.,.,100,14.53892,1.22137
58,1.44537,1,2,.,14.53892,1.22137
58,2,5.79454,1,.,14.53892,1.22137
58,4,4.77864,1,.,14.53892,1.22137
58,6,4.21948,1,.,14.53892,1.22137
58,8,3.26502,1,.,14.53892,1.22137
58,10,3.65195,1,.,14.53892,1.22137
58,12,2.57926,1,.,14.53892,1.22137
58,14,2.1911,1,.,14.53892,1.22137
58,16,2.12869,1,.,14.53892,1.22137
58,18,1.42256,1,.,14.53892,1.22137
58,20,1.28278,1,.,14.53892,1.22137
58,22,1.24044,1,.,14.53892,1.22137
58,24,0.80425,1,.,14.53892,1.22137
58,26,0.78403,1,.,14.53892,1.22137
58,28,0.63626,1,.,14.53892,1.22137
58,30,0.45295,1,.,14.53892,1.22137
59,0,0,2,.,9.93213,1.29337
59,0,.,.,100,9.93213,1.29337
59,2,7.17914,1,.,9.93213,1.29337
59,4,6.07569,1,.,9.93213,1.29337
59,6,4.9669,1,.,9.93213,1.29337
59,8,3.74836,1,.,9.93213,1.29337
59,10,2.75245,1,.,9.93213,1.29337
59,12,2.18571,1,.,9.93213,1.29337
59,14,1.92731,1,.,9.93213,1.29337
59,15.85789,1,2,.,9.93213,1.29337
59,16,1.0735,1,.,9.93213,1.29337
59,18,0.93854,1,.,9.93213,1.29337
59,20,0.76308,1,.,9.93213,1.29337
59,22,0.58838,1,.,9.93213,1.29337
59,24,0.41493,1,.,9.93213,1.29337
59,26,0.40101,1,.,9.93213,1.29337
59,28,0.24064,1,.,9.93213,1.29337
59,30,0.19665,1,.,9.93213,1.29337
60,0,0,2,.,8.61007,0.83959
60,0,.,.,100,8.61007,0.83959
60,2,8.33459,1,.,8.61007,0.83959
60,4,7.60134,1,.,8.61007,0.83959
60,6,6.64635,1,.,8.61007,0.83959
60,8,4.23282,1,.,8.61007,0.83959
60,10,4.49266,1,.,8.61007,0.83959
60,12,3.72873,1,.,8.61007,0.83959
60,12.36389,1,2,.,8.61007,0.83959
60,14,3.37878,1,.,8.61007,0.83959
60,16,2.1285,1,.,8.61007,0.83959
60,18,2.09007,1,.,8.61007,0.83959
60,20,1.82981,1,.,8.61007,0.83959
60,22,1.35594,1,.,8.61007,0.83959
60,24,1.11194,1,.,8.61007,0.83959
60,26,1.06256,1,.,8.61007,0.83959
60,28,0.89293,1,.,8.61007,0.83959
60,30,0.61992,1,.,8.61007,0.83959
61,0,0,2,.,7.74368,0.87895
61,0,.,.,100,7.74368,0.87895
61,0.90775,1,2,.,7.74368,0.87895
61,2,11.14445,1,.,7.74368,0.87895
61,4,10.92608,1,.,7.74368,0.87895
61,6,6.65497,1,.,7.74368,0.87895
61,8,5.95284,1,.,7.74368,0.87895
61,10,3.76361,1,.,7.74368,0.87895
61,12,3.18605,1,.,7.74368,0.87895
61,14,2.32346,1,.,7.74368,0.87895
61,16,1.71423,1,.,7.74368,0.87895
61,18,1.90997,1,.,7.74368,0.87895
61,20,1.28254,1,.,7.74368,0.87895
61,22,0.99375,1,.,7.74368,0.87895
61,24,0.8951,1,.,7.74368,0.87895
61,26,0.75804,1,.,7.74368,0.87895
61,28,0.62897,1,.,7.74368,0.87895
61,30,0.44405,1,.,7.74368,0.87895
62,0,0,2,.,11.80383,1.23086
62,0,.,.,100,11.80383,1.23086
62,2,6.51141,1,.,11.80383,1.23086
62,4,5.17547,1,.,11.80383,1.23086
62,6,4.75841,1,.,11.80383,1.23086
62,8,3.58039,1,.,11.80383,1.23086
62,10,2.45698,1,.,11.80383,1.23086
62,12,2.53004,1,.,11.80383,1.23086
62,14,1.98044,1,.,11.80383,1.23086
62,16,1.84836,1,.,11.80383,1.23086
62,18,1.18027,1,.,11.80383,1.23086
62,20,1.1827,1,.,11.80383,1.23086
62,20.14248,1,2,.,11.80383,1.23086
62,22,0.80835,1,.,11.80383,1.23086
62,24,0.72107,1,.,11.80383,1.23086
62,26,0.61755,1,.,11.80383,1.23086
62,28,0.46675,1,.,11.80383,1.23086
62,30,0.44173,1,.,11.80383,1.23086
63,0,0,2,.,8.99115,0.82155
63,0,.,.,100,8.99115,0.82155
63,2,7.12788,1,.,8.99115,0.82155
63,4,6.73149,1,.,8.99115,0.82155
63,6,7.05812,1,.,8.99115,0.82155
63,8,5.77189,1,.,8.99115,0.82155
63,9.98567,1,2,.,8.99115,0.82155
63,10,4.39462,1,.,8.99115,0.82155
63,12,3.45586,1,.,8.99115,0.82155
63,14,3.50185,1,.,8.99115,0.82155
63,16,2.57035,1,.,8.99115,0.82155
63,18,2.41689,1,.,8.99115,0.82155
63,20,1.69266,1,.,8.99115,0.82155
63,22,1.44507,1,.,8.99115,0.82155
63,24,1.20961,1,.,8.99115,0.82155
63,26,0.98201,1,.,8.99115,0.82155
63,28,0.90079,1,.,8.99115,0.82155
63,30,0.72252,1,.,8.99115,0.82155
64,0,0,2,.,6.30502,0.75886
64,0,.,.,100,6.30502,0.75886
64,2,15.27639,1,.,6.30502,0.75886
64,4,11.05456,1,.,6.30502,0.75886
64,6,8.24515,1,.,6.30502,0.75886
64,8,6.18102,1,.,6.30502,0.75886
64,10,4.46723,1,.,6.30502,0.75886
64,12,3.52036,1,.,6.30502,0.75886
64,14,2.93057,1,.,6.30502,0.75886
64,16,1.81463,1,.,6.30502,0.75886
64,18,1.92703,1,.,6.30502,0.75886
64,20,1.57889,1,.,6.30502,0.75886
64,22,1.16529,1,.,6.30502,0.75886
64,24,1.0009,1,.,6.30502,0.75886
64,26,0.60914,1,.,6.30502,0.75886
64,28,0.56874,1,.,6.30502,0.75886
64,30,0.42248,1,.,6.30502,0.75886
64,35,0,2,.,6.30502,0.75886
65,0,0,2,.,19.31705,1.05904
65,0,.,.,100,19.31705,1.05904
65,2,5.20044,1,.,19.31705,1.05904
65,4,5.14888,1,.,19.31705,1.05904
65,6,3.58166,1,.,19.31705,1.05904
65,8,3.40928,1,.,19.31705,1.05904
65,10,3.30691,1,.,19.31705,1.05904
65,12,2.67114,1,.,19.31705,1.05904
65,14,2.25287,1,.,19.31705,1.05904
65,16,2.28863,1,.,19.31705,1.05904
65,18,1.82917,1,.,19.31705,1.05904
65,19.08609,1,2,.,19.31705,1.05904
65,20,1.26223,1,.,19.31705,1.05904
65,22,1.45489,1,.,19.31705,1.05904
65,24,1.37612,1,.,19.31705,1.05904
65,26,1.2992,1,.,19.31705,1.05904
65,28,1.0648,1,.,19.31705,1.05904
65,30,0.88214,1,.,19.31705,1.05904
66,0,0,2,.,12.73759,0.79086
66,0,.,.,100,12.73759,0.79086
66,2,6.43237,1,.,12.73759,0.79086
66,4,5.63185,1,.,12.73759,0.79086
66,6,5.15399,1,.,12.73759,0.79086
66,8,5.60067,1,.,12.73759,0.79086
66,10,5.66925,1,.,12.73759,0.79086
66,12,3.44979,1,.,12.73759,0.79086
66,14,2.9949,1,.,12.73759,0.79086
66,16,3.20892,1,.,12.73759,0.79086
66,18,2.67576,1,.,12.73759,0.79086
66,20,2.15151,1,.,12.73759,0.79086
66,22,1.88548,1,.,12.73759,0.79086
66,24,1.69861,1,.,12.73759,0.79086
66,26,1.56737,1,.,12.73759,0.79086
66,28,1.2862,1,.,12.73759,0.79086
66,30,1.30689,1,.,12.73759,0.79086
66,35,0,2,.,12.73759,0.79086
67,0,0,2,.,8.75116,1.21816
67,0,.,.,100,8.75116,1.21816
67,2,8.75352,1,.,8.75116,1.21816
67,4,7.14874,1,.,8.75116,1.21816
67,6,4.9074,1,.,8.75116,1.21816
67,8,3.66248,1,.,8.75116,1.21816
67,10,3.12597,1,.,8.75116,1.21816
67,12,2.20087,1,.,8.75116,1.21816
67,14,1.69524,1,.,8.75116,1.21816
67,16,1.36787,1,.,8.75116,1.21816
67,18,0.90053,1,.,8.75116,1.21816
67,20,0.69286,1,.,8.75116,1.21816
67,22,0.55597,1,.,8.75116,1.21816
67,24,0.43611,1,.,8.75116,1.21816
67,26,0.31226,1,.,8.75116,1.21816
67,28,0.25871,1,.,8.75116,1.21816
67,30,0.17008,1,.,8.75116,1.21816
67,35,0,2,.,8.75116,1.21816
68,0,0,2,.,11.0821,0.76732
68,0,.,.,100,11.0821,0.76732
68,2,8.73671,1,.,11.0821,0.76732
68,4,6.59502,1,.,11.0821,0.76732
68,6,6.85785,1,.,11.0821,0.76732
68,8,4.23624,1,.,11.0821,0.76732
68,10,4.58008,1,.,11.0821,0.76732
68,12,3.37985,1,.,11.0821,0.76732
68,14,3.21665,1,.,11.0821,0.76732
68,16,3.08158,1,.,11.0821,0.76732
68,18,2.23811,1,.,11.0821,0.76732
68,20,1.83913,1,.,11.0821,0.76732
68,22,2.0518,1,.,11.0821,0.76732
68,24,1.58514,1,.,11.0821,0.76732
68,26,1.60226,1,.,11.0821,0.76732
68,28,1.22813,1,.,11.0821,0.76732
68,30,1.11687,1,.,11.0821,0.76732
68,35,0,2,.,11.0821,0.76732
69,0,0,2,.,10.37387,1.1039
69,0,.,.,100,10.37387,1.1039
69,2,6.03665,1,.,10.37387,1.1039
69,4,7.00637,1,.,10.37387,1.1039
69,6,5.79891,1,.,10.37387,1.1039
69,8,4.32779,1,.,10.37387,1.1039
69,10,3.55487,1,.,10.37387,1.1039
69,11.66679,1,2,.,10.37387,1.1039
69,12,3.05794,1,.,10.37387,1.1039
69,14,2.37508,1,.,10.37387,1.1039
69,16,1.55447,1,.,10.37387,1.1039
69,18,1.38518,1,.,10.37387,1.1039
69,20,1.25846,1,.,10.37387,1.1039
69,22,1.02447,1,.,10.37387,1.1039
69,24,0.80424,1,.,10.37387,1.1039
69,26,0.57326,1,.,10.37387,1.1039
69,28,0.51769,1,.,10.37387,1.1039
69,30,0.4361,1,.,10.37387,1.1039
70,0,0,2,.,6.37317,0.92679
70,0,.,.,100,6.37317,0.92679
70,2,12.31761,1,.,6.37317,0.92679
70,4,7.96556,1,.,6.37317,0.92679
70,6,6.33938,1,.,6.37317,0.92679
70,8,4.5465,1,.,6.37317,0.92679
70,10,3.44156,1,.,6.37317,0.92679
70,10.38302,1,2,.,6.37317,0.92679
70,12,3.26854,1,.,6.37317,0.92679
70,14,2.17385,1,.,6.37317,0.92679
70,16,1.51609,1,.,6.37317,0.92679
70,18,1.34797,1,.,6.37317,0.92679
70,20,0.77628,1,.,6.37317,0.92679
70,22,0.68085,1,.,6.37317,0.92679
70,24,0.44766,1,.,6.37317,0.92679
70,26,0.32629,1,.,6.37317,0.92679
70,28,0.27268,1,.,6.37317,0.92679
70,30,0.20084,1,.,6.37317,0.92679
71,0,0,2,.,11.05187,0.78632
71,0,.,.,100,11.05187,0.78632
71,2,8.1907,1,.,11.05187,0.78632
71,4,6.47211,1,.,11.05187,0.78632
71,6,5.65968,1,.,11.05187,0.78632
71,7.13807,1,2,.,11.05187,0.78632
71,8,5.47632,1,.,11.05187,0.78632
71,10,4.67921,1,.,11.05187,0.78632
71,12,3.36917,1,.,11.05187,0.78632
71,14,3.72338,1,.,11.05187,0.78632
71,16,3.71241,1,.,11.05187,0.78632
71,18,2.56522,1,.,11.05187,0.78632
71,20,2.36409,1,.,11.05187,0.78632
71,22,1.96729,1,.,11.05187,0.78632
71,24,1.76109,1,.,11.05187,0.78632
71,26,1.21974,1,.,11.05187,0.78632
71,28,1.05875,1,.,11.05187,0.78632
71,30,1.28119,1,.,11.05187,0.78632
72,0,0,2,.,10.91226,0.99459
72,0,.,.,100,10.91226,0.99459
72,2,6.92867,1,.,10.91226,0.99459
72,4,6.83713,1,.,10.91226,0.99459
72,6,5.32375,1,.,10.91226,0.99459
72,8,4.98037,1,.,10.91226,0.99459
72,10,3.38136,1,.,10.91226,0.99459
72,12,2.70411,1,.,10.91226,0.99459
72,14,2.50911,1,.,10.91226,0.99459
72,16,2.31737,1,.,10.91226,0.99459
72,18,1.92607,1,.,10.91226,0.99459
72,20,1.38417,1,.,10.91226,0.99459
72,20.40144,1,2,.,10.91226,0.99459
72,22,1.44865,1,.,10.91226,0.99459
72,24,1.1934,1,.,10.91226,0.99459
72,26,0.83059,1,.,10.91226,0.99459
72,28,0.68591,1,.,10.91226,0.99459
72,30,0.65865,1,.,10.91226,0.99459
73,0,0,2,.,8.30705,0.81276
73,0,.,.,100,8.30705,0.81276
73,2,9.00688,1,.,8.30705,0.81276
73,4,7.63933,1,.,8.30705,0.81276
73,6,6.49625,1,.,8.30705,0.81276
73,8,5.2987,1,.,8.30705,0.81276
73,10,4.48895,1,.,8.30705,0.81276
73,12,4.04596,1,.,8.30705,0.81276
73,14,3.01033,1,.,8.30705,0.81276
73,16,3.09578,1,.,8.30705,0.81276
73,18,2.14107,1,.,8.30705,0.81276
73,20,1.52523,1,.,8.30705,0.81276
73,22,1.23348,1,.,8.30705,0.81276
73,24,1.10005,1,.,8.30705,0.81276
73,26,1.03382,1,.,8.30705,0.81276
73,28,0.81132,1,.,8.30705,0.81276
73,30,0.51483,1,.,8.30705,0.81276
73,35,0,2,.,8.30705,0.81276
74,0,0,2,.,7.5191,1.17256
74,0,.,.,100,7.5191,1.17256
74,2,11.62906,1,.,7.5191,1.17256
74,4,6.56063,1,.,7.5191,1.17256
74,6,4.2973,1,.,7.5191,1.17256
74,8,3.7069,1,.,7.5191,1.17256
74,10,2.98271,1,.,7.5191,1.17256
74,12,1.75804,1,.,7.5191,1.17256
74,14,1.34494,1,.,7.5191,1.17256
74,16,1.0991,1,.,7.5191,1.17256
74,18,0.82956,1,.,7.5191,1.17256
74,20,0.59114,1,.,7.5191,1.17256
74,22,0.36095,1,.,7.5191,1.17256
74,24,0.31143,1,.,7.5191,1.17256
74,26,0.20507,1,.,7.5191,1.17256
74,28,0.16447,1,.,7.5191,1.17256
74,28.10377,1,2,.,7.5191,1.17256
74,30,0.12415,1,.,7.5191,1.17256
75,0,0,2,.,14.75307,0.72547
75,0,.,.,100,14.75307,0.72547
75,2,5.06058,1,.,14.75307,0.72547
75,4,5.50258,1,.,14.75307,0.72547
75,6,5.20361,1,.,14.75307,0.72547
75,8,4.19463,1,.,14.75307,0.72547
75,10,3.911,1,.,14.75307,0.72547
75,12,3.85791,1,.,14.75307,0.72547
75,14,3.25766,1,.,14.75307,0.72547
75,16,2.83226,1,.,14.75307,0.72547
75,18,2.77171,1,.,14.75307,0.72547
75,20,2.80644,1,.,14.75307,0.72547
75,22,2.32307,1,.,14.75307,0.72547
75,24,2.223,1,.,14.75307,0.72547
75,26,1.33801,1,.,14.75307,0.72547
75,28,1.71696,1,.,14.75307,0.72547
75,30,1.62767,1,.,14.75307,0.72547
75,35,0,2,.,14.75307,0.72547
76,0,0,2,.,12.74195,1.30562
76,0,.,.,100,12.74195,1.30562
76,2,5.98606,1,.,12.74195,1.30562
76,4,5.1978,1,.,12.74195,1.30562
76,6,4.32043,1,.,12.74195,1.30562
76,8,3.37337,1,.,12.74195,1.30562
76,10,2.82505,1,.,12.74195,1.30562
76,12,2.17207,1,.,12.74195,1.30562
76,14,1.75168,1,.,12.74195,1.30562
76,16,1.21928,1,.,12.74195,1.30562
76,18,1.03071,1,.,12.74195,1.30562
76,20,0.98582,1,.,12.74195,1.30562
76,22,0.78983,1,.,12.74195,1.30562
76,24,0.68481,1,.,12.74195,1.30562
76,26,0.45195,1,.,12.74195,1.30562
76,28,0.47619,1,.,12.74195,1.30562
76,30,0.33826,1,.,12.74195,1.30562
76,32.79166,1,2,.,12.74195,1.30562
77,0,0,2,.,10.60521,0.80176
77,0,.,.,100,10.60521,0.80176
77,2,8.30265,1,.,10.60521,0.80176
77,4,6.99114,1,.,10.60521,0.80176
77,6,5.71781,1,.,10.60521,0.80176
77,6.6504,1,2,.,10.60521,0.80176
77,8,5.20895,1,.,10.60521,0.80176
77,10,4.35912,1,.,10.60521,0.80176
77,12,3.97561,1,.,10.60521,0.80176
77,14,3.55589,1,.,10.60521,0.80176
77,16,3.71902,1,.,10.60521,0.80176
77,18,2.66055,1,.,10.60521,0.80176
77,20,1.8878,1,.,10.60521,0.80176
77,22,1.80887,1,.,10.60521,0.80176
77,24,1.58132,1,.,10.60521,0.80176
77,26,1.36084,1,.,10.60521,0.80176
77,28,1.32597,1,.,10.60521,0.80176
77,30,0.99955,1,.,10.60521,0.80176
78,0,0,2,.,10.49675,1.00662
78,0,.,.,100,10.49675,1.00662
78,2,7.67231,1,.,10.49675,1.00662
78,4,6.28597,1,.,10.49675,1.00662
78,6,4.72103,1,.,10.49675,1.00662
78,8,4.47922,1,.,10.49675,1.00662
78,10,3.79246,1,.,10.49675,1.00662
78,12,2.96195,1,.,10.49675,1.00662
78,14,2.53485,1,.,10.49675,1.00662
78,16,1.89924,1,.,10.49675,1.00662
78,18,1.78307,1,.,10.49675,1.00662
78,20,1.40903,1,.,10.49675,1.00662
78,22,1.08969,1,.,10.49675,1.00662
78,24,0.84507,1,.,10.49675,1.00662
78,26,0.8018,1,.,10.49675,1.00662
78,28,0.62122,1,.,10.49675,1.00662
78,30,0.60848,1,.,10.49675,1.00662
78,33.58452,1,2,.,10.49675,1.00662
79,0,0,2,.,11.07473,0.88028
79,0,.,.,100,11.07473,0.88028
79,2,8.8787,1,.,11.07473,0.88028
79,4,6.32138,1,.,11.07473,0.88028
79,6,5.84327,1,.,11.07473,0.88028
79,8,4.98398,1,.,11.07473,0.88028
79,10,4.37072,1,.,11.07473,0.88028
79,12,4.03455,1,.,11.07473,0.88028
79,14,2.98535,1,.,11.07473,0.88028
79,16,2.6307,1,.,11.07473,0.88028
79,18,2.04108,1,.,11.07473,0.88028
79,20,2.33233,1,.,11.07473,0.88028
79,22,1.39333,1,.,11.07473,0.88028
79,24,1.37179,1,.,11.07473,0.88028
79,26,1.13935,1,.,11.07473,0.88028
79,28,0.94067,1,.,11.07473,0.88028
79,30,0.92918,1,.,11.07473,0.88028
79,35,0,2,.,11.07473,0.88028
80,0,0,2,.,11.6282,1.04007
80,0,.,.,100,11.6282,1.04007
80,0.50451,1,2,.,11.6282,1.04007
80,2,5.92835,1,.,11.6282,1.04007
80,4,5.01863,1,.,11.6282,1.04007
80,6,5.32054,1,.,11.6282,1.04007
80,8,4.87143,1,.,11.6282,1.04007
80,10,3.68849,1,.,11.6282,1.04007
80,12,2.79774,1,.,11.6282,1.04007
80,14,2.09109,1,.,11.6282,1.04007
80,16,1.96254,1,.,11.6282,1.04007
80,18,2.22434,1,.,11.6282,1.04007
80,20,1.37276,1,.,11.6282,1.04007
80,22,1.41149,1,.,11.6282,1.04007
80,24,0.9402,1,.,11.6282,1.04007
80,26,1.00138,1,.,11.6282,1.04007
80,28,0.78727,1,.,11.6282,1.04007
80,30,0.58082,1,.,11.6282,1.04007
81,0,0,2,.,7.03838,1.18603
81,0,.,.,100,7.03838,1.18603
81,2,10.65791,1,.,7.03838,1.18603
81,4,7.48716,1,.,7.03838,1.18603
81,6,4.67199,1,.,7.03838,1.18603
81,8,3.82058,1,.,7.03838,1.18603
81,10,2.22866,1,.,7.03838,1.18603
81,12,1.6291,1,.,7.03838,1.18603
81,14,1.1793,1,.,7.03838,1.18603
81,16,0.88146,1,.,7.03838,1.18603
81,18,0.62801,1,.,7.03838,1.18603
81,20,0.58053,1,.,7.03838,1.18603
81,22,0.33907,1,.,7.03838,1.18603
81,24,0.26783,1,.,7.03838,1.18603
81,26,0.17243,1,.,7.03838,1.18603
81,28,0.14197,1,.,7.03838,1.18603
81,30,0.10271,1,.,7.03838,1.18603
81,35,0,2,.,7.03838,1.18603
82,0,0,2,.,10.82915,1.02887
82,0,.,.,100,10.82915,1.02887
82,2,8.0844,1,.,10.82915,1.02887
82,4,6.07588,1,.,10.82915,1.02887
82,6,5.07372,1,.,10.82915,1.02887
82,8,4.80222,1,.,10.82915,1.02887
82,10,3.94893,1,.,10.82915,1.02887
82,12,3.1065,1,.,10.82915,1.02887
82,14,2.55551,1,.,10.82915,1.02887
82,16,1.50198,1,.,10.82915,1.02887
82,18,1.4772,1,.,10.82915,1.02887
82,20,1.37594,1,.,10.82915,1.02887
82,22,1.18886,1,.,10.82915,1.02887
82,24,0.92357,1,.,10.82915,1.02887
82,26,0.76843,1,.,10.82915,1.02887
82,28,0.66219,1,.,10.82915,1.02887
82,30,0.55496,1,.,10.82915,1.02887
82,35,0,2,.,10.82915,1.02887
83,0,0,2,.,10.19692,0.7641
83,0,.,.,100,10.19692,0.7641
83,2,7.81049,1,.,10.19692,0.7641
83,3.50471,1,2,.,10.19692,0.7641
83,4,7.28841,1,.,10.19692,0.7641
83,6,5.15749,1,.,10.19692,0.7641
83,8,5.49707,1,.,10.19692,0.7641
83,10,5.04462,1,.,10.19692,0.7641
83,12,4.12684,1,.,10.19692,0.7641
83,14,4.00682,1,.,10.19692,0.7641
83,16,3.30213,1,.,10.19692,0.7641
83,18,2.5693,1,.,10.19692,0.7641
83,20,2.14092,1,.,10.19692,0.7641
83,22,1.95837,1,.,10.19692,0.7641
83,24,1.44661,1,.,10.19692,0.7641
83,26,1.28976,1,.,10.19692,0.7641
83,28,1.22219,1,.,10.19692,0.7641
83,30,1.13184,1,.,10.19692,0.7641
84,0,0,2,.,8.61049,1.15191
84,0,.,.,100,8.61049,1.15191
84,2,8.53299,1,.,8.61049,1.15191
84,4,6.91913,1,.,8.61049,1.15191
84,6,5.52068,1,.,8.61049,1.15191
84,8,3.65172,1,.,8.61049,1.15191
84,10,3.66083,1,.,8.61049,1.15191
84,12,2.92103,1,.,8.61049,1.15191
84,14,1.79893,1,.,8.61049,1.15191
84,16,1.60514,1,.,8.61049,1.15191
84,18,1.22368,1,.,8.61049,1.15191
84,20,0.90148,1,.,8.61049,1.15191
84,22,0.6215,1,.,8.61049,1.15191
84,24,0.44583,1,.,8.61049,1.15191
84,26,0.32749,1,.,8.61049,1.15191
84,28,0.30006,1,.,8.61049,1.15191
84,30,0.21733,1,.,8.61049,1.15191
84,35,0,2,.,8.61049,1.15191
85,0,0,2,.,10.96378,1.33337
85,0,.,.,100,10.96378,1.33337
85,2,6.31537,1,.,10.96378,1.33337
85,4,5.3585,1,.,10.96378,1.33337
85,6,4.21915,1,.,10.96378,1.33337
85,6.76331,1,2,.,10.96378,1.33337
85,8,3.82991,1,.,10.96378,1.33337
85,10,2.82032,1,.,10.96378,1.33337
85,12,2.56737,1,.,10.96378,1.33337
85,14,1.83466,1,.,10.96378,1.33337
85,16,1.04926,1,.,10.96378,1.33337
85,18,1.1442,1,.,10.96378,1.33337
85,20,0.72996,1,.,10.96378,1.33337
85,22,0.61867,1,.,10.96378,1.33337
85,24,0.48528,1,.,10.96378,1.33337
85,26,0.40404,1,.,10.96378,1.33337
85,28,0.28619,1,.,10.96378,1.33337
85,30,0.27607,1,.,10.96378,1.33337
86,0,0,2,.,7.91468,1.01435
86,0,.,.,100,7.91468,1.01435
86,2,9.1592,1,.,7.91468,1.01435
86,4,6.41369,1,.,7.91468,1.01435
86,6,6.41337,1,.,7.91468,1.01435
86,8,4.74264,1,.,7.91468,1.01435
86,10,3.3182,1,.,7.91468,1.01435
86,12,2.49763,1,.,7.91468,1.01435
86,14,1.93192,1,.,7.91468,1.01435
86,16,1.64749,1,.,7.91468,1.01435
86,16.93194,1,2,.,7.91468,1.01435
86,18,1.20758,1,.,7.91468,1.01435
86,20,1.01443,1,.,7.91468,1.01435
86,22,0.70978,1,.,7.91468,1.01435
86,24,0.5137,1,.,7.91468,1.01435
86,26,0.39026,1,.,7.91468,1.01435
86,28,0.25848,1,.,7.91468,1.01435
86,30,0.27216,1,.,7.91468,1.01435
87,0,0,2,.,8.81121,0.65942
87,0,.,.,100,8.81121,0.65942
87,2,10.51275,1,.,8.81121,0.65942
87,4,8.74545,1,.,8.81121,0.65942
87,6,6.05725,1,.,8.81121,0.65942
87,8,6.61714,1,.,8.81121,0.65942
87,10,4.23609,1,.,8.81121,0.65942
87,12,5.81104,1,.,8.81121,0.65942
87,14,3.86439,1,.,8.81121,0.65942
87,16,3.83972,1,.,8.81121,0.65942
87,18,2.80849,1,.,8.81121,0.65942
87,20,2.59875,1,.,8.81121,0.65942
87,22,2.41047,1,.,8.81121,0.65942
87,24,2.14845,1,.,8.81121,0.65942
87,26,1.92114,1,.,8.81121,0.65942
87,28,1.4212,1,.,8.81121,0.65942
87,30,1.08667,1,.,8.81121,0.65942
87,35,0,2,.,8.81121,0.65942
88,0,0,2,.,9.11359,1.19199
88,0,.,.,100,9.11359,1.19199
88,2,8.34585,1,.,9.11359,1.19199
88,2.77103,1,2,.,9.11359,1.19199
88,4,6.23377,1,.,9.11359,1.19199
88,6,4.68113,1,.,9.11359,1.19199
88,8,4.16306,1,.,9.11359,1.19199
88,10,2.57416,1,.,9.11359,1.19199
88,12,2.47709,1,.,9.11359,1.19199
88,14,1.86597,1,.,9.11359,1.19199
88,16,1.60734,1,.,9.11359,1.19199
88,18,0.99365,1,.,9.11359,1.19199
88,20,0.69451,1,.,9.11359,1.19199
88,22,0.64691,1,.,9.11359,1.19199
88,24,0.43717,1,.,9.11359,1.19199
88,26,0.38206,1,.,9.11359,1.19199
88,28,0.28333,1,.,9.11359,1.19199
88,30,0.167,1,.,9.11359,1.19199
89,0,0,2,.,9.76323,1.20779
89,0,.,.,100,9.76323,1.20779
89,2,6.85499,1,.,9.76323,1.20779
89,2.20917,1,2,.,9.76323,1.20779
89,4,7.03722,1,.,9.76323,1.20779
89,6,5.21721,1,.,9.76323,1.20779
89,8,3.23441,1,.,9.76323,1.20779
89,10,2.83676,1,.,9.76323,1.20779
89,12,2.13164,1,.,9.76323,1.20779
89,14,1.70851,1,.,9.76323,1.20779
89,16,1.37165,1,.,9.76323,1.20779
89,18,1.24188,1,.,9.76323,1.20779
89,20,0.89484,1,.,9.76323,1.20779
89,22,0.73431,1,.,9.76323,1.20779
89,24,0.49497,1,.,9.76323,1.20779
89,26,0.44101,1,.,9.76323,1.20779
89,28,0.34874,1,.,9.76323,1.20779
89,30,0.20345,1,.,9.76323,1.20779
90,0,0,2,.,7.51474,1.16458
90,0,.,.,100,7.51474,1.16458
90,2,9.94995,1,.,7.51474,1.16458
90,3.57332,1,2,.,7.51474,1.16458
90,4,7.62976,1,.,7.51474,1.16458
90,6,6.20858,1,.,7.51474,1.16458
90,8,4.01489,1,.,7.51474,1.16458
90,10,2.61443,1,.,7.51474,1.16458
90,12,2.29054,1,.,7.51474,1.16458
90,14,1.53068,1,.,7.51474,1.16458
90,16,1.15146,1,.,7.51474,1.16458
90,18,0.68187,1,.,7.51474,1.16458
90,20,0.57392,1,.,7.51474,1.16458
90,22,0.46584,1,.,7.51474,1.16458
90,24,0.34262,1,.,7.51474,1.16458
90,26,0.22836,1,.,7.51474,1.16458
90,28,0.15746,1,.,7.51474,1.16458
90,30,0.12871,1,.,7.51474,1.16458
91,0,0,2,.,10.39554,1.24068
91,0,.,.,100,10.39554,1.24068
91,2,7.75628,1,.,10.39554,1.24068
91,4,6.76487,1,.,10.39554,1.24068
91,6,5.37266,1,.,10.39554,1.24068
91,8,3.89014,1,.,10.39554,1.24068
91,10,3.39627,1,.,10.39554,1.24068
91,12,1.86058,1,.,10.39554,1.24068
91,14,2.01875,1,.,10.39554,1.24068
91,16,1.49536,1,.,10.39554,1.24068
91,18,1.3727,1,.,10.39554,1.24068
91,20,0.80364,1,.,10.39554,1.24068
91,22,0.64676,1,.,10.39554,1.24068
91,24,0.64909,1,.,10.39554,1.24068
91,26,0.43402,1,.,10.39554,1.24068
91,28,0.28348,1,.,10.39554,1.24068
91,30,0.29198,1,.,10.39554,1.24068
91,35,0,2,.,10.39554,1.24068
92,0,0,2,.,10.75037,1.12472
92,0,.,.,100,10.75037,1.12472
92,2,5.59554,1,.,10.75037,1.12472
92,4,5.06364,1,.,10.75037,1.12472
92,6,5.29258,1,.,10.75037,1.12472
92,8,3.77646,1,.,10.75037,1.12472
92,10,2.7459,1,.,10.75037,1.12472
92,12,2.80581,1,.,10.75037,1.12472
92,14,2.26395,1,.,10.75037,1.12472
92,14.06951,1,2,.,10.75037,1.12472
92,16,1.45087,1,.,10.75037,1.12472
92,18,1.36486,1,.,10.75037,1.12472
92,20,0.95929,1,.,10.75037,1.12472
92,22,0.69048,1,.,10.75037,1.12472
92,24,0.68361,1,.,10.75037,1.12472
92,26,0.56956,1,.,10.75037,1.12472
92,28,0.40989,1,.,10.75037,1.12472
92,30,0.39719,1,.,10.75037,1.12472
93,0,0,2,.,5.96362,0.75982
93,0,.,.,100,5.96362,0.75982
93,2,12.03235,1,.,5.96362,0.75982
93,4,10.29708,1,.,5.96362,0.75982
93,6,7.42407,1,.,5.96362,0.75982
93,8,6.50459,1,.,5.96362,0.75982
93,10,4.25742,1,.,5.96362,0.75982
93,12,4.33266,1,.,5.96362,0.75982
93,14,3.08735,1,.,5.96362,0.75982
93,16,2.37663,1,.,5.96362,0.75982
93,18,1.83209,1,.,5.96362,0.75982
93,20,1.06915,1,.,5.96362,0.75982
93,22,1.0572,1,.,5.96362,0.75982
93,24,0.72288,1,.,5.96362,0.75982
93,26,0.536,1,.,5.96362,0.75982
93,28,0.50475,1,.,5.96362,0.75982
93,30,0.40791,1,.,5.96362,0.75982
93,35,0,2,.,5.96362,0.75982
94,0,0,2,.,10.08628,0.96583
94,0,.,.,100,10.08628,0.96583
94,2,8.35771,1,.,10.08628,0.96583
94,4,7.13398,1,.,10.08628,0.96583
94,4.53031,1,2,.,10.08628,0.96583
94,6,5.15568,1,.,10.08628,0.96583
94,8,4.28422,1,.,10.08628,0.96583
94,10,3.28634,1,.,10.08628,0.96583
94,12,2.94164,1,.,10.08628,0.96583
94,14,2.87839,1,.,10.08628,0.96583
94,16,2.0945,1,.,10.08628,0.96583
94,18,1.98615,1,.,10.08628,0.96583
94,20,1.67488,1,.,10.08628,0.96583
94,22,1.1531,1,.,10.08628,0.96583
94,24,1.07542,1,.,10.08628,0.96583
94,26,0.81954,1,.,10.08628,0.96583
94,28,0.68599,1,.,10.08628,0.96583
94,30,0.60877,1,.,10.08628,0.96583
95,0,0,2,.,10.42728,1.09234
95,0,.,.,100,10.42728,1.09234
95,2,9.70433,1,.,10.42728,1.09234
95,4,6.08716,1,.,10.42728,1.09234
95,6,5.04018,1,.,10.42728,1.09234
95,8,4.7853,1,.,10.42728,1.09234
95,10,2.99892,1,.,10.42728,1.09234
95,12,2.75165,1,.,10.42728,1.09234
95,14,2.21126,1,.,10.42728,1.09234
95,16,1.88278,1,.,10.42728,1.09234
95,18,1.42243,1,.,10.42728,1.09234
95,20,1.22859,1,.,10.42728,1.09234
95,22,0.97525,1,.,10.42728,1.09234
95,24,0.77274,1,.,10.42728,1.09234
95,26,0.52705,1,.,10.42728,1.09234
95,28,0.47531,1,.,10.42728,1.09234
95,30,0.36254,1,.,10.42728,1.09234
95,30.03732,1,2,.,10.42728,1.09234
96,0,0,2,.,11.99713,0.92276
96,0,.,.,100,11.99713,0.92276
96,2,8.45,1,.,11.99713,0.92276
96,4,6.60406,1,.,11.99713,0.92276
96,6,4.25865,1,.,11.99713,0.92276
96,8,4.3199,1,.,11.99713,0.92276
96,10,3.63884,1,.,11.99713,0.92276
96,12,2.91037,1,.,11.99713,0.92276
96,14,2.35653,1,.,11.99713,0.92276
96,16,2.4872,1,.,11.99713,0.92276
96,18,2.07309,1,.,11.99713,0.92276
96,20,1.75752,1,.,11.99713,0.92276
96,22,1.62735,1,.,11.99713,0.92276
96,24,1.54149,1,.,11.99713,0.92276
96,26,0.97974,1,.,11.99713,0.92276
96,28,0.96845,1,.,11.99713,0.92276
96,30,0.85815,1,.,11.99713,0.92276
96,35,0,2,.,11.99713,0.92276
97,0,0,2,.,10.33952,1.03296
97,0,.,.,100,10.33952,1.03296
97,2,7.43301,1,.,10.33952,1.03296
97,3.3486,1,2,.,10.33952,1.03296
97,4,6.08723,1,.,10.33952,1.03296
97,6,5.3971,1,.,10.33952,1.03296
97,8,3.83088,1,.,10.33952,1.03296
97,10,3.45236,1,.,10.33952,1.03296
97,12,2.85825,1,.,10.33952,1.03296
97,14,2.37659,1,.,10.33952,1.03296
97,16,2.05444,1,.,10.33952,1.03296
97,18,1.7341,1,.,10.33952,1.03296
97,20,1.51624,1,.,10.33952,1.03296
97,22,1.16942,1,.,10.33952,1.03296
97,24,0.74403,1,.,10.33952,1.03296
97,26,0.6977,1,.,10.33952,1.03296
97,28,0.62715,1,.,10.33952,1.03296
97,30,0.4471,1,.,10.33952,1.03296
98,0,0,2,.,8.84289,1.17438
98,0,.,.,100,8.84289,1.17438
98,2,8.55524,1,.,8.84289,1.17438
98,2.905,1,2,.,8.84289,1.17438
98,4,7.52252,1,.,8.84289,1.17438
98,6,4.45203,1,.,8.84289,1.17438
98,8,4.05931,1,.,8.84289,1.17438
98,10,3.19681,1,.,8.84289,1.17438
98,12,2.33243,1,.,8.84289,1.17438
98,14,2.24253,1,.,8.84289,1.17438
98,16,1.35702,1,.,8.84289,1.17438
98,18,1.17632,1,.,8.84289,1.17438
98,20,0.81568,1,.,8.84289,1.17438
98,22,0.7313,1,.,8.84289,1.17438
98,24,0.44906,1,.,8.84289,1.17438
98,26,0.28986,1,.,8.84289,1.17438
98,28,0.29046,1,.,8.84289,1.17438
98,30,0.19829,1,.,8.84289,1.17438
99,0,0,2,.,9.73723,1.4061
99,0,.,.,100,9.73723,1.4061
99,2,6.8668,1,.,9.73723,1.4061
99,4,5.60437,1,.,9.73723,1.4061
99,6,4.47176,1,.,9.73723,1.4061
99,8,2.80802,1,.,9.73723,1.4061
99,10,2.94413,1,.,9.73723,1.4061
99,12,1.5369,1,.,9.73723,1.4061
99,13.52517,1,2,.,9.73723,1.4061
99,14,1.2966,1,.,9.73723,1.4061
99,16,0.93472,1,.,9.73723,1.4061
99,18,0.68282,1,.,9.73723,1.4061
99,20,0.5505,1,.,9.73723,1.4061
99,22,0.40856,1,.,9.73723,1.4061
99,24,0.34432,1,.,9.73723,1.4061
99,26,0.28057,1,.,9.73723,1.4061
99,28,0.18349,1,.,9.73723,1.4061
99,30,0.12966,1,.,9.73723,1.4061
100,0,0,2,.,8.06573,0.75518
100,0,.,.,100,8.06573,0.75518
100,2,10.30043,1,.,8.06573,0.75518
100,4,7.25551,1,.,8.06573,0.75518
100,6,7.57279,1,.,8.06573,0.75518
100,8,6.79558,1,.,8.06573,0.75518
100,10,4.78951,1,.,8.06573,0.75518
100,12,4.05531,1,.,8.06573,0.75518
100,14,3.20369,1,.,8.06573,0.75518
100,16,3.32636,1,.,8.06573,0.75518
100,18,2.86011,1,.,8.06573,0.75518
100,20,2.04202,1,.,8.06573,0.75518
100,22,1.53324,1,.,8.06573,0.75518
100,24,1.27594,1,.,8.06573,0.75518
100,26,1.22846,1,.,8.06573,0.75518
100,28,1.01884,1,.,8.06573,0.75518
100,30,0.74736,1,.,8.06573,0.75518
100,31.75351,1,2,.,8.06573,0.75518
