rep,id,group,time,y,ytype,amount
1,1,1,0,.,.,100
1,1,1,2,78.53975,2,.
1,1,1,5,5.37155,1,.
1,1,1,8,62.59045,2,.
1,1,1,10,2.79246,1,.
1,1,1,12,.,.,100
1,1,1,14,80.7821,2,.
1,1,1,15,9.51327,1,.
1,1,1,20,4.50143,1,.
1,1,1,20,67.11649,2,.
1,1,1,24,.,.,100
1,1,1,25,12.46998,1,.
1,1,1,26,82.831,2,.
1,1,1,30,5.09857,1,.
1,1,1,32,69.55052,2,.
1,1,1,35,3.58336,1,.
1,1,1,36,.,.,100
1,1,1,38,82.294,2,.
1,1,1,40,9.01307,1,.
1,1,1,44,71.01249,2,.
1,1,1,45,4.07268,1,.
1,1,1,48,.,.,100
1,1,1,50,10.48457,1,.
1,1,1,50,81.58506,2,.
1,2,1,0,.,.,100
1,2,1,2,76.38835,2,.
1,2,1,5,5.32469,1,.
1,2,1,8,60.12931,2,.
1,2,1,10,2.96064,1,.
1,2,1,12,.,.,100
1,2,1,14,79.86848,2,.
1,2,1,15,10.00172,1,.
1,2,1,20,4.83166,1,.
1,2,1,20,66.77636,2,.
1,2,1,24,.,.,100
1,2,1,25,14.33443,1,.
1,2,1,26,80.85903,2,.
1,2,1,30,5.98872,1,.
1,2,1,32,67.88647,2,.
1,2,1,35,4.13768,1,.
1,2,1,36,.,.,100
1,2,1,38,81.83977,2,.
1,2,1,40,7.31994,1,.
1,2,1,44,66.42412,2,.
1,2,1,45,5.12686,1,.
1,2,1,48,.,.,100
1,2,1,50,10.19031,1,.
1,2,1,50,83.03186,2,.
1,3,1,0,.,.,100
1,3,1,2,78.72135,2,.
1,3,1,5,6.27075,1,.
1,3,1,8,66.81668,2,.
1,3,1,10,3.78674,1,.
1,3,1,12,.,.,100
1,3,1,14,81.31931,2,.
1,3,1,15,9.04647,1,.
1,3,1,20,6.06185,1,.
1,3,1,20,68.92091,2,.
1,3,1,24,.,.,100
1,3,1,25,13.58665,1,.
1,3,1,26,82.47827,2,.
1,3,1,30,9.85415,1,.
1,3,1,32,70.18885,2,.
1,3,1,35,4.58085,1,.
1,3,1,36,.,.,100
1,3,1,38,83.51415,2,.
1,3,1,40,8.10027,1,.
1,3,1,44,70.53094,2,.
1,3,1,45,5.56192,1,.
1,3,1,48,.,.,100
1,3,1,50,10.83597,1,.
1,3,1,50,82.40494,2,.
1,4,1,0,.,.,100
1,4,1,2,72.12106,2,.
1,4,1,5,5.43744,1,.
1,4,1,8,60.71721,2,.
1,4,1,10,4.29432,1,.
1,4,1,12,.,.,100
1,4,1,14,78.01737,2,.
1,4,1,15,7.62604,1,.
1,4,1,20,5.52203,1,.
1,4,1,20,67.03967,2,.
1,4,1,24,.,.,100
1,4,1,25,10.04742,1,.
1,4,1,26,78.98291,2,.
1,4,1,30,6.5792,1,.
1,4,1,32,69.51538,2,.
1,4,1,35,4.11284,1,.
1,4,1,36,.,.,100
1,4,1,38,79.81963,2,.
1,4,1,40,8.75974,1,.
1,4,1,44,69.77537,2,.
1,4,1,45,4.94336,1,.
1,4,1,48,.,.,100
1,4,1,50,10.27124,1,.
1,4,1,50,79.32135,2,.
1,5,1,0,.,.,100
1,5,1,2,73.26363,2,.
1,5,1,5,7.82126,1,.
1,5,1,8,59.3946,2,.
1,5,1,10,3.67794,1,.
1,5,1,12,.,.,100
1,5,1,14,78.97219,2,.
1,5,1,15,10.31639,1,.
1,5,1,20,5.67763,1,.
1,5,1,20,68.57,2,.
1,5,1,24,.,.,100
1,5,1,25,11.68044,1,.
1,5,1,26,78.42962,2,.
1,5,1,30,7.76683,1,.
1,5,1,32,67.59085,2,.
1,5,1,35,4.49786,1,.
1,5,1,36,.,.,100
1,5,1,38,80.68488,2,.
1,5,1,40,9.06633,1,.
1,5,1,44,70.31175,2,.
1,5,1,45,6.33463,1,.
1,5,1,48,.,.,100
1,5,1,50,10.64391,1,.
1,5,1,50,80.5096,2,.
1,6,2,0,.,.,50
1,6,2,2,47.51944,2,.
1,6,2,5,2.55931,1,.
1,6,2,8,28.92544,2,.
1,6,2,10,1.49878,1,.
1,6,2,12,.,.,50
1,6,2,14,52.11819,2,.
1,6,2,15,3.77581,1,.
1,6,2,20,2.20644,1,.
1,6,2,20,33.01891,2,.
1,6,2,24,.,.,50
1,6,2,25,5.15261,1,.
1,6,2,26,51.84176,2,.
1,6,2,30,2.95431,1,.
1,6,2,32,35.01169,2,.
1,6,2,35,1.6078,1,.
1,6,2,36,.,.,50
1,6,2,38,50.43553,2,.
1,6,2,40,3.91598,1,.
1,6,2,44,34.50072,2,.
1,6,2,45,2.37777,1,.
1,6,2,48,.,.,50
1,6,2,50,5.22806,1,.
1,6,2,50,50.58927,2,.
1,7,2,0,.,.,50
1,7,2,2,62.76733,2,.
1,7,2,5,2.48332,1,.
1,7,2,8,42.79825,2,.
1,7,2,10,1.47103,1,.
1,7,2,12,.,.,50
1,7,2,14,67.45071,2,.
1,7,2,15,5.51058,1,.
1,7,2,20,2.08894,1,.
1,7,2,20,47.09641,2,.
1,7,2,24,.,.,50
1,7,2,25,5.03926,1,.
1,7,2,26,66.02118,2,.
1,7,2,30,2.57978,1,.
1,7,2,32,46.29361,2,.
1,7,2,35,1.25999,1,.
1,7,2,36,.,.,50
1,7,2,38,67.02993,2,.
1,7,2,40,3.59279,1,.
1,7,2,44,47.60484,2,.
1,7,2,45,1.6539,1,.
1,7,2,48,.,.,50
1,7,2,50,4.1864,1,.
1,7,2,50,66.52685,2,.
1,8,2,0,.,.,50
1,8,2,2,55.7556,2,.
1,8,2,5,2.21093,1,.
1,8,2,8,37.52769,2,.
1,8,2,10,1.38943,1,.
1,8,2,12,.,.,50
1,8,2,14,61.28971,2,.
1,8,2,15,3.07699,1,.
1,8,2,20,2.35483,1,.
1,8,2,20,43.65378,2,.
1,8,2,24,.,.,50
1,8,2,25,4.80261,1,.
1,8,2,26,61.32499,2,.
1,8,2,30,2.36504,1,.
1,8,2,32,44.46825,2,.
1,8,2,35,1.32009,1,.
1,8,2,36,.,.,50
1,8,2,38,60.10659,2,.
1,8,2,40,3.55152,1,.
1,8,2,44,42.45059,2,.
1,8,2,45,2.05114,1,.
1,8,2,48,.,.,50
1,8,2,50,4.11226,1,.
1,8,2,50,61.73946,2,.
2,1,1,0,.,.,100
2,1,1,2,76.13897,2,.
2,1,1,5,6.11376,1,.
2,1,1,8,60.53877,2,.
2,1,1,10,3.0493,1,.
2,1,1,12,.,.,100
2,1,1,14,78.88459,2,.
2,1,1,15,12.19721,1,.
2,1,1,20,5.66523,1,.
2,1,1,20,62.37341,2,.
2,1,1,24,.,.,100
2,1,1,25,12.8295,1,.
2,1,1,26,80.0444,2,.
2,1,1,30,6.70554,1,.
2,1,1,32,64.79258,2,.
2,1,1,35,4.14364,1,.
2,1,1,36,.,.,100
2,1,1,38,79.63439,2,.
2,1,1,40,9.34891,1,.
2,1,1,44,63.47707,2,.
2,1,1,45,5.08477,1,.
2,1,1,48,.,.,100
2,1,1,50,13.32328,1,.
2,1,1,50,77.90312,2,.
2,2,1,0,.,.,100
2,2,1,2,72.90099,2,.
2,2,1,5,4.90697,1,.
2,2,1,8,59.84173,2,.
2,2,1,10,3.23125,1,.
2,2,1,12,.,.,100
2,2,1,14,77.07428,2,.
2,2,1,15,7.80578,1,.
2,2,1,20,4.77723,1,.
2,2,1,20,64.78863,2,.
2,2,1,24,.,.,100
2,2,1,25,10.59176,1,.
2,2,1,26,77.18321,2,.
2,2,1,30,6.49807,1,.
2,2,1,32,64.95081,2,.
2,2,1,35,4.56155,1,.
2,2,1,36,.,.,100
2,2,1,38,76.39262,2,.
2,2,1,40,8.05259,1,.
2,2,1,44,66.51025,2,.
2,2,1,45,4.32091,1,.
2,2,1,48,.,.,100
2,2,1,50,7.79852,1,.
2,2,1,50,78.00603,2,.
2,3,1,0,.,.,100
2,3,1,2,70.71315,2,.
2,3,1,5,5.57962,1,.
2,3,1,8,56.59903,2,.
2,3,1,10,3.54802,1,.
2,3,1,12,.,.,100
2,3,1,14,74.943,2,.
2,3,1,15,7.51438,1,.
2,3,1,20,5.06981,1,.
2,3,1,20,63.54878,2,.
2,3,1,24,.,.,100
2,3,1,25,12.14696,1,.
2,3,1,26,77.15725,2,.
2,3,1,30,6.80128,1,.
2,3,1,32,62.94852,2,.
2,3,1,35,4.35286,1,.
2,3,1,36,.,.,100
2,3,1,38,76.67182,2,.
2,3,1,40,7.49966,1,.
2,3,1,44,65.64594,2,.
2,3,1,45,4.03064,1,.
2,3,1,48,.,.,100
2,3,1,50,8.70093,1,.
2,3,1,50,76.3447,2,.
2,4,1,0,.,.,100
2,4,1,2,71.98653,2,.
2,4,1,5,6.52348,1,.
2,4,1,8,60.96869,2,.
2,4,1,10,4.40151,1,.
2,4,1,12,.,.,100
2,4,1,14,77.09155,2,.
2,4,1,15,10.37931,1,.
2,4,1,20,6.28033,1,.
2,4,1,20,67.42423,2,.
2,4,1,24,.,.,100
2,4,1,25,14.0734,1,.
2,4,1,26,78.96085,2,.
2,4,1,30,9.06492,1,.
2,4,1,32,69.03139,2,.
2,4,1,35,5.16724,1,.
2,4,1,36,.,.,100
2,4,1,38,79.67637,2,.
2,4,1,40,9.63403,1,.
2,4,1,44,69.2917,2,.
2,4,1,45,5.76308,1,.
2,4,1,48,.,.,100
2,4,1,50,10.735,1,.
2,4,1,50,79.8717,2,.
2,5,1,0,.,.,100
2,5,1,2,69.69087,2,.
2,5,1,5,5.49508,1,.
2,5,1,8,58.55815,2,.
2,5,1,10,4.4209,1,.
2,5,1,12,.,.,100
2,5,1,14,75.69873,2,.
2,5,1,15,10.81013,1,.
2,5,1,20,6.56388,1,.
2,5,1,20,65.99159,2,.
2,5,1,24,.,.,100
2,5,1,25,13.28827,1,.
2,5,1,26,78.85201,2,.
2,5,1,30,9.07446,1,.
2,5,1,32,69.27985,2,.
2,5,1,35,5.30012,1,.
2,5,1,36,.,.,100
2,5,1,38,78.71584,2,.
2,5,1,40,9.09618,1,.
2,5,1,44,69.46542,2,.
2,5,1,45,6.27895,1,.
2,5,1,48,.,.,100
2,5,1,50,11.51306,1,.
2,5,1,50,79.91533,2,.
2,6,2,0,.,.,50
2,6,2,2,65.6003,2,.
2,6,2,5,4.35513,1,.
2,6,2,8,53.27836,2,.
2,6,2,10,2.35228,1,.
2,6,2,12,.,.,50
2,6,2,14,71.65291,2,.
2,6,2,15,7.17058,1,.
2,6,2,20,3.74606,1,.
2,6,2,20,61.08706,2,.
2,6,2,24,.,.,50
2,6,2,25,7.64208,1,.
2,6,2,26,72.74722,2,.
2,6,2,30,5.26913,1,.
2,6,2,32,63.25797,2,.
2,6,2,35,3.11483,1,.
2,6,2,36,.,.,50
2,6,2,38,74.80022,2,.
2,6,2,40,5.57425,1,.
2,6,2,44,63.94054,2,.
2,6,2,45,4.20184,1,.
2,6,2,48,.,.,50
2,6,2,50,7.20242,1,.
2,6,2,50,75.6064,2,.
2,7,2,0,.,.,50
2,7,2,2,49.91537,2,.
2,7,2,5,2.88991,1,.
2,7,2,8,35.25082,2,.
2,7,2,10,1.6863,1,.
2,7,2,12,.,.,50
2,7,2,14,56.11814,2,.
2,7,2,15,4.84352,1,.
2,7,2,20,3.13475,1,.
2,7,2,20,37.82705,2,.
2,7,2,24,.,.,50
2,7,2,25,6.52849,1,.
2,7,2,26,54.4624,2,.
2,7,2,30,3.49768,1,.
2,7,2,32,39.77406,2,.
2,7,2,35,2.35032,1,.
2,7,2,36,.,.,50
2,7,2,38,56.57772,2,.
2,7,2,40,3.89983,1,.
2,7,2,44,39.70272,2,.
2,7,2,45,2.47706,1,.
2,7,2,48,.,.,50
2,7,2,50,6.08457,1,.
2,7,2,50,56.25618,2,.
2,8,2,0,.,.,50
2,8,2,2,47.15725,2,.
2,8,2,5,2.30855,1,.
2,8,2,8,34.75384,2,.
2,8,2,10,1.40724,1,.
2,8,2,12,.,.,50
2,8,2,14,55.99161,2,.
2,8,2,15,3.92746,1,.
2,8,2,20,2.13132,1,.
2,8,2,20,39.67998,2,.
2,8,2,24,.,.,50
2,8,2,25,4.05014,1,.
2,8,2,26,57.60419,2,.
2,8,2,30,2.90064,1,.
2,8,2,32,41.16977,2,.
2,8,2,35,1.2902,1,.
2,8,2,36,.,.,50
2,8,2,38,58.65653,2,.
2,8,2,40,3.78361,1,.
2,8,2,44,41.6051,2,.
2,8,2,45,1.86089,1,.
2,8,2,48,.,.,50
2,8,2,50,4.37173,1,.
2,8,2,50,56.75941,2,.
3,1,1,0,.,.,100
3,1,1,2,73.35135,2,.
3,1,1,5,5.68138,1,.
3,1,1,8,58.50018,2,.
3,1,1,10,3.06816,1,.
3,1,1,12,.,.,100
3,1,1,14,78.69312,2,.
3,1,1,15,7.03356,1,.
3,1,1,20,5.34587,1,.
3,1,1,20,65.04307,2,.
3,1,1,24,.,.,100
3,1,1,25,11.54085,1,.
3,1,1,26,80.44011,2,.
3,1,1,30,6.30112,1,.
3,1,1,32,65.64365,2,.
3,1,1,35,3.31197,1,.
3,1,1,36,.,.,100
3,1,1,38,80.02064,2,.
3,1,1,40,7.74255,1,.
3,1,1,44,64.5614,2,.
3,1,1,45,4.79695,1,.
3,1,1,48,.,.,100
3,1,1,50,10.89024,1,.
3,1,1,50,79.50358,2,.
3,2,1,0,.,.,100
3,2,1,2,75.55087,2,.
3,2,1,5,7.18323,1,.
3,2,1,8,64.63638,2,.
3,2,1,10,5.23811,1,.
3,2,1,12,.,.,100
3,2,1,14,80.13394,2,.
3,2,1,15,10.66183,1,.
3,2,1,20,8.66446,1,.
3,2,1,20,71.51755,2,.
3,2,1,24,.,.,100
3,2,1,25,14.47653,1,.
3,2,1,26,81.90377,2,.
3,2,1,30,11.36811,1,.
3,2,1,32,72.14413,2,.
3,2,1,35,7.21695,1,.
3,2,1,36,.,.,100
3,2,1,38,84.43398,2,.
3,2,1,40,12.71214,1,.
3,2,1,44,74.50696,2,.
3,2,1,45,9.04468,1,.
3,2,1,48,.,.,100
3,2,1,50,16.47426,1,.
3,2,1,50,81.41353,2,.
3,3,1,0,.,.,100
3,3,1,2,72.88701,2,.
3,3,1,5,4.69659,1,.
3,3,1,8,55.17585,2,.
3,3,1,10,2.78695,1,.
3,3,1,12,.,.,100
3,3,1,14,75.40523,2,.
3,3,1,15,8.24398,1,.
3,3,1,20,4.0106,1,.
3,3,1,20,60.75186,2,.
3,3,1,24,.,.,100
3,3,1,25,9.98481,1,.
3,3,1,26,79.70543,2,.
3,3,1,30,5.29648,1,.
3,3,1,32,60.86012,2,.
3,3,1,35,3.50108,1,.
3,3,1,36,.,.,100
3,3,1,38,75.64394,2,.
3,3,1,40,7.82561,1,.
3,3,1,44,62.75861,2,.
3,3,1,45,3.73549,1,.
3,3,1,48,.,.,100
3,3,1,50,7.58982,1,.
3,3,1,50,78.10876,2,.
3,4,1,0,.,.,100
3,4,1,2,78.00549,2,.
3,4,1,5,5.85515,1,.
3,4,1,8,62.2287,2,.
3,4,1,10,2.75309,1,.
3,4,1,12,.,.,100
3,4,1,14,80.0173,2,.
3,4,1,15,8.1092,1,.
3,4,1,20,4.67949,1,.
3,4,1,20,63.19122,2,.
3,4,1,24,.,.,100
3,4,1,25,12.57035,1,.
3,4,1,26,81.29097,2,.
3,4,1,30,6.80909,1,.
3,4,1,32,65.73845,2,.
3,4,1,35,3.69808,1,.
3,4,1,36,.,.,100
3,4,1,38,81.13294,2,.
3,4,1,40,8.50092,1,.
3,4,1,44,65.16824,2,.
3,4,1,45,4.08449,1,.
3,4,1,48,.,.,100
3,4,1,50,12.35431,1,.
3,4,1,50,81.78121,2,.
3,5,1,0,.,.,100
3,5,1,2,71.61449,2,.
3,5,1,5,5.57988,1,.
3,5,1,8,56.12334,2,.
3,5,1,10,3.77708,1,.
3,5,1,12,.,.,100
3,5,1,14,75.98946,2,.
3,5,1,15,8.768,1,.
3,5,1,20,4.33309,1,.
3,5,1,20,64.89863,2,.
3,5,1,24,.,.,100
3,5,1,25,10.8802,1,.
3,5,1,26,75.7635,2,.
3,5,1,30,7.72868,1,.
3,5,1,32,63.64872,2,.
3,5,1,35,3.80197,1,.
3,5,1,36,.,.,100
3,5,1,38,76.54794,2,.
3,5,1,40,7.44817,1,.
3,5,1,44,62.94497,2,.
3,5,1,45,4.90152,1,.
3,5,1,48,.,.,100
3,5,1,50,11.20055,1,.
3,5,1,50,76.0166,2,.
3,6,2,0,.,.,50
3,6,2,2,55.38593,2,.
3,6,2,5,2.80863,1,.
3,6,2,8,36.86571,2,.
3,6,2,10,1.54705,1,.
3,6,2,12,.,.,50
3,6,2,14,61.95502,2,.
3,6,2,15,4.18143,1,.
3,6,2,20,2.22958,1,.
3,6,2,20,41.96296,2,.
3,6,2,24,.,.,50
3,6,2,25,4.89231,1,.
3,6,2,26,61.67425,2,.
3,6,2,30,3.38532,1,.
3,6,2,32,42.78068,2,.
3,6,2,35,1.5966,1,.
3,6,2,36,.,.,50
3,6,2,38,61.74705,2,.
3,6,2,40,3.84219,1,.
3,6,2,44,41.42533,2,.
3,6,2,45,1.9812,1,.
3,6,2,48,.,.,50
3,6,2,50,4.86422,1,.
3,6,2,50,62.77893,2,.
3,7,2,0,.,.,50
3,7,2,2,55.65281,2,.
3,7,2,5,2.68215,1,.
3,7,2,8,44.17242,2,.
3,7,2,10,1.79546,1,.
3,7,2,12,.,.,50
3,7,2,14,64.51959,2,.
3,7,2,15,5.4163,1,.
3,7,2,20,3.67799,1,.
3,7,2,20,48.30299,2,.
3,7,2,24,.,.,50
3,7,2,25,5.73874,1,.
3,7,2,26,65.00912,2,.
3,7,2,30,4.30957,1,.
3,7,2,32,50.64159,2,.
3,7,2,35,3.01307,1,.
3,7,2,36,.,.,50
3,7,2,38,64.57652,2,.
3,7,2,40,4.53711,1,.
3,7,2,44,50.17414,2,.
3,7,2,45,3.0145,1,.
3,7,2,48,.,.,50
3,7,2,50,5.88845,1,.
3,7,2,50,65.70494,2,.
3,8,2,0,.,.,50
3,8,2,2,63.25703,2,.
3,8,2,5,2.76507,1,.
3,8,2,8,51.77101,2,.
3,8,2,10,2.20224,1,.
3,8,2,12,.,.,50
3,8,2,14,68.77413,2,.
3,8,2,15,4.87692,1,.
3,8,2,20,3.22292,1,.
3,8,2,20,63.24633,2,.
3,8,2,24,.,.,50
3,8,2,25,6.09371,1,.
3,8,2,26,71.48829,2,.
3,8,2,30,4.83109,1,.
3,8,2,32,62.38443,2,.
3,8,2,35,3.25948,1,.
3,8,2,36,.,.,50
3,8,2,38,72.8849,2,.
3,8,2,40,6.34834,1,.
3,8,2,44,65.29075,2,.
3,8,2,45,3.99325,1,.
3,8,2,48,.,.,50
3,8,2,50,5.91242,1,.
3,8,2,50,75.36115,2,.
4,1,1,0,.,.,100
4,1,1,2,69.17039,2,.
4,1,1,5,5.98959,1,.
4,1,1,8,51.25502,2,.
4,1,1,10,3.60085,1,.
4,1,1,12,.,.,100
4,1,1,14,72.67276,2,.
4,1,1,15,7.44667,1,.
4,1,1,20,4.48104,1,.
4,1,1,20,55.733,2,.
4,1,1,24,.,.,100
4,1,1,25,12.97194,1,.
4,1,1,26,74.1683,2,.
4,1,1,30,6.1827,1,.
4,1,1,32,56.41984,2,.
4,1,1,35,3.43236,1,.
4,1,1,36,.,.,100
4,1,1,38,74.46359,2,.
4,1,1,40,7.55577,1,.
4,1,1,44,58.99348,2,.
4,1,1,45,4.7773,1,.
4,1,1,48,.,.,100
4,1,1,50,10.02972,1,.
4,1,1,50,74.75378,2,.
4,2,1,0,.,.,100
4,2,1,2,72.08259,2,.
4,2,1,5,6.31369,1,.
4,2,1,8,58.24508,2,.
4,2,1,10,3.7717,1,.
4,2,1,12,.,.,100
4,2,1,14,77.19603,2,.
4,2,1,15,9.72758,1,.
4,2,1,20,5.43776,1,.
4,2,1,20,64.70866,2,.
4,2,1,24,.,.,100
4,2,1,25,11.84758,1,.
4,2,1,26,78.38147,2,.
4,2,1,30,7.28013,1,.
4,2,1,32,65.11286,2,.
4,2,1,35,4.41757,1,.
4,2,1,36,.,.,100
4,2,1,38,78.50207,2,.
4,2,1,40,10.94758,1,.
4,2,1,44,65.102,2,.
4,2,1,45,5.30262,1,.
4,2,1,48,.,.,100
4,2,1,50,11.64733,1,.
4,2,1,50,78.36954,2,.
4,3,1,0,.,.,100
4,3,1,2,72.52158,2,.
4,3,1,5,6.43196,1,.
4,3,1,8,61.30498,2,.
4,3,1,10,3.55079,1,.
4,3,1,12,.,.,100
4,3,1,14,78.10168,2,.
4,3,1,15,10.17596,1,.
4,3,1,20,5.63762,1,.
4,3,1,20,67.54306,2,.
4,3,1,24,.,.,100
4,3,1,25,10.59667,1,.
4,3,1,26,78.23866,2,.
4,3,1,30,7.94356,1,.
4,3,1,32,67.73144,2,.
4,3,1,35,5.34967,1,.
4,3,1,36,.,.,100
4,3,1,38,78.05558,2,.
4,3,1,40,9.18507,1,.
4,3,1,44,68.25048,2,.
4,3,1,45,5.41019,1,.
4,3,1,48,.,.,100
4,3,1,50,10.2659,1,.
4,3,1,50,80.36801,2,.
4,4,1,0,.,.,100
4,4,1,2,66.44045,2,.
4,4,1,5,5.70381,1,.
4,4,1,8,57.26038,2,.
4,4,1,10,3.76617,1,.
4,4,1,12,.,.,100
4,4,1,14,74.74945,2,.
4,4,1,15,9.0847,1,.
4,4,1,20,5.55462,1,.
4,4,1,20,63.7504,2,.
4,4,1,24,.,.,100
4,4,1,25,11.57121,1,.
4,4,1,26,76.2182,2,.
4,4,1,30,7.93707,1,.
4,4,1,32,65.78819,2,.
4,4,1,35,4.76749,1,.
4,4,1,36,.,.,100
4,4,1,38,74.13128,2,.
4,4,1,40,8.58948,1,.
4,4,1,44,66.18592,2,.
4,4,1,45,6.73338,1,.
4,4,1,48,.,.,100
4,4,1,50,12.08056,1,.
4,4,1,50,75.52445,2,.
4,5,1,0,.,.,100
4,5,1,2,73.65321,2,.
4,5,1,5,6.71199,1,.
4,5,1,8,64.5176,2,.
4,5,1,10,4.87686,1,.
4,5,1,12,.,.,100
4,5,1,14,81.36636,2,.
4,5,1,15,10.68378,1,.
4,5,1,20,8.21852,1,.
4,5,1,20,72.22243,2,.
4,5,1,24,.,.,100
4,5,1,25,13.90733,1,.
4,5,1,26,81.84264,2,.
4,5,1,30,10.70646,1,.
4,5,1,32,76.26445,2,.
4,5,1,35,6.3513,1,.
4,5,1,36,.,.,100
4,5,1,38,81.15592,2,.
4,5,1,40,13.98682,1,.
4,5,1,44,78.1016,2,.
4,5,1,45,8.72726,1,.
4,5,1,48,.,.,100
4,5,1,50,13.08471,1,.
4,5,1,50,83.2527,2,.
4,6,2,0,.,.,50
4,6,2,2,57.61589,2,.
4,6,2,5,2.87589,1,.
4,6,2,8,43.06639,2,.
4,6,2,10,2.13226,1,.
4,6,2,12,.,.,50
4,6,2,14,64.59604,2,.
4,6,2,15,4.80404,1,.
4,6,2,20,3.51275,1,.
4,6,2,20,52.52077,2,.
4,6,2,24,.,.,50
4,6,2,25,6.19533,1,.
4,6,2,26,67.87001,2,.
4,6,2,30,4.29112,1,.
4,6,2,32,52.78091,2,.
4,6,2,35,2.62471,1,.
4,6,2,36,.,.,50
4,6,2,38,68.31266,2,.
4,6,2,40,4.46869,1,.
4,6,2,44,53.40932,2,.
4,6,2,45,3.50809,1,.
4,6,2,48,.,.,50
4,6,2,50,6.72541,1,.
4,6,2,50,69.42262,2,.
4,7,2,0,.,.,50
4,7,2,2,69.28852,2,.
4,7,2,5,4.36404,1,.
4,7,2,8,56.20897,2,.
4,7,2,10,3.07342,1,.
4,7,2,12,.,.,50
4,7,2,14,74.83985,2,.
4,7,2,15,6.50897,1,.
4,7,2,20,3.88201,1,.
4,7,2,20,64.86302,2,.
4,7,2,24,.,.,50
4,7,2,25,7.75202,1,.
4,7,2,26,74.35744,2,.
4,7,2,30,5.7107,1,.
4,7,2,32,66.13457,2,.
4,7,2,35,3.60104,1,.
4,7,2,36,.,.,50
4,7,2,38,78.03196,2,.
4,7,2,40,6.50674,1,.
4,7,2,44,67.84174,2,.
4,7,2,45,3.97081,1,.
4,7,2,48,.,.,50
4,7,2,50,8.738,1,.
4,7,2,50,76.38512,2,.
4,8,2,0,.,.,50
4,8,2,2,50.19017,2,.
4,8,2,5,2.55464,1,.
4,8,2,8,34.23354,2,.
4,8,2,10,1.52003,1,.
4,8,2,12,.,.,50
4,8,2,14,57.46668,2,.
4,8,2,15,5.204,1,.
4,8,2,20,2.53213,1,.
4,8,2,20,39.51711,2,.
4,8,2,24,.,.,50
4,8,2,25,6.9346,1,.
4,8,2,26,57.90958,2,.
4,8,2,30,3.00713,1,.
4,8,2,32,37.54319,2,.
4,8,2,35,1.81317,1,.
4,8,2,36,.,.,50
4,8,2,38,57.33488,2,.
4,8,2,40,3.77324,1,.
4,8,2,44,39.89157,2,.
4,8,2,45,2.42438,1,.
4,8,2,48,.,.,50
4,8,2,50,5.52364,1,.
4,8,2,50,56.9586,2,.
5,1,1,0,.,.,100
5,1,1,2,69.11126,2,.
5,1,1,5,6.38284,1,.
5,1,1,8,57.65678,2,.
5,1,1,10,4.55945,1,.
5,1,1,12,.,.,100
5,1,1,14,74.80873,2,.
5,1,1,15,9.24701,1,.
5,1,1,20,6.39557,1,.
5,1,1,20,67.61635,2,.
5,1,1,24,.,.,100
5,1,1,25,12.65847,1,.
5,1,1,26,78.113,2,.
5,1,1,30,7.25474,1,.
5,1,1,32,68.27612,2,.
5,1,1,35,5.2434,1,.
5,1,1,36,.,.,100
5,1,1,38,78.03347,2,.
5,1,1,40,10.99549,1,.
5,1,1,44,68.46358,2,.
5,1,1,45,7.32242,1,.
5,1,1,48,.,.,100
5,1,1,50,13.35632,1,.
5,1,1,50,78.02385,2,.
5,2,1,0,.,.,100
5,2,1,2,70.8693,2,.
5,2,1,5,6.20569,1,.
5,2,1,8,54.98226,2,.
5,2,1,10,3.40636,1,.
5,2,1,12,.,.,100
5,2,1,14,74.01856,2,.
5,2,1,15,9.49352,1,.
5,2,1,20,4.57487,1,.
5,2,1,20,62.72246,2,.
5,2,1,24,.,.,100
5,2,1,25,11.8342,1,.
5,2,1,26,75.66202,2,.
5,2,1,30,8.55449,1,.
5,2,1,32,62.52254,2,.
5,2,1,35,3.70387,1,.
5,2,1,36,.,.,100
5,2,1,38,76.04486,2,.
5,2,1,40,9.78171,1,.
5,2,1,44,61.39963,2,.
5,2,1,45,5.48075,1,.
5,2,1,48,.,.,100
5,2,1,50,14.20833,1,.
5,2,1,50,75.91739,2,.
5,3,1,0,.,.,100
5,3,1,2,75.8224,2,.
5,3,1,5,6.52096,1,.
5,3,1,8,60.61051,2,.
5,3,1,10,3.51391,1,.
5,3,1,12,.,.,100
5,3,1,14,78.69473,2,.
5,3,1,15,8.1367,1,.
5,3,1,20,6.77505,1,.
5,3,1,20,67.08847,2,.
5,3,1,24,.,.,100
5,3,1,25,13.15281,1,.
5,3,1,26,79.24139,2,.
5,3,1,30,9.44085,1,.
5,3,1,32,69.27023,2,.
5,3,1,35,5.81792,1,.
5,3,1,36,.,.,100
5,3,1,38,79.17471,2,.
5,3,1,40,10.31615,1,.
5,3,1,44,69.10044,2,.
5,3,1,45,6.11789,1,.
5,3,1,48,.,.,100
5,3,1,50,12.00995,1,.
5,3,1,50,80.07729,2,.
5,4,1,0,.,.,100
5,4,1,2,72.9649,2,.
5,4,1,5,4.78479,1,.
5,4,1,8,53.68094,2,.
5,4,1,10,2.40118,1,.
5,4,1,12,.,.,100
5,4,1,14,76.27031,2,.
5,4,1,15,8.46405,1,.
5,4,1,20,4.11602,1,.
5,4,1,20,57.83263,2,.
5,4,1,24,.,.,100
5,4,1,25,10.99756,1,.
5,4,1,26,76.54,2,.
5,4,1,30,5.39363,1,.
5,4,1,32,58.51775,2,.
5,4,1,35,2.50826,1,.
5,4,1,36,.,.,100
5,4,1,38,75.37774,2,.
5,4,1,40,6.21361,1,.
5,4,1,44,59.16776,2,.
5,4,1,45,3.7947,1,.
5,4,1,48,.,.,100
5,4,1,50,9.01713,1,.
5,4,1,50,76.50746,2,.
5,5,1,0,.,.,100
5,5,1,2,77.60155,2,.
5,5,1,5,5.20175,1,.
5,5,1,8,62.16724,2,.
5,5,1,10,2.91755,1,.
5,5,1,12,.,.,100
5,5,1,14,79.41863,2,.
5,5,1,15,9.17737,1,.
5,5,1,20,4.96651,1,.
5,5,1,20,65.02291,2,.
5,5,1,24,.,.,100
5,5,1,25,11.58591,1,.
5,5,1,26,80.92935,2,.
5,5,1,30,5.96907,1,.
5,5,1,32,67.22477,2,.
5,5,1,35,4.23038,1,.
5,5,1,36,.,.,100
5,5,1,38,81.49489,2,.
5,5,1,40,7.73213,1,.
5,5,1,44,66.25711,2,.
5,5,1,45,4.12906,1,.
5,5,1,48,.,.,100
5,5,1,50,8.74037,1,.
5,5,1,50,81.43975,2,.
5,6,2,0,.,.,50
5,6,2,2,53.3133,2,.
5,6,2,5,1.92738,1,.
5,6,2,8,31.1264,2,.
5,6,2,10,1.18559,1,.
5,6,2,12,.,.,50
5,6,2,14,57.20125,2,.
5,6,2,15,3.61415,1,.
5,6,2,20,1.4686,1,.
5,6,2,20,36.24571,2,.
5,6,2,24,.,.,50
5,6,2,25,4.88509,1,.
5,6,2,26,58.50494,2,.
5,6,2,30,2.02611,1,.
5,6,2,32,35.31502,2,.
5,6,2,35,1.02801,1,.
5,6,2,36,.,.,50
5,6,2,38,57.93587,2,.
5,6,2,40,2.93447,1,.
5,6,2,44,36.74139,2,.
5,6,2,45,1.50581,1,.
5,6,2,48,.,.,50
5,6,2,50,3.10224,1,.
5,6,2,50,58.41796,2,.
5,7,2,0,.,.,50
5,7,2,2,64.19167,2,.
5,7,2,5,3.11356,1,.
5,7,2,8,46.52193,2,.
5,7,2,10,1.61761,1,.
5,7,2,12,.,.,50
5,7,2,14,67.76608,2,.
5,7,2,15,4.21795,1,.
5,7,2,20,2.77349,1,.
5,7,2,20,53.40048,2,.
5,7,2,24,.,.,50
5,7,2,25,6.56893,1,.
5,7,2,26,69.78856,2,.
5,7,2,30,3.88272,1,.
5,7,2,32,53.46906,2,.
5,7,2,35,1.96187,1,.
5,7,2,36,.,.,50
5,7,2,38,69.57835,2,.
5,7,2,40,5.07384,1,.
5,7,2,44,55.16038,2,.
5,7,2,45,2.37293,1,.
5,7,2,48,.,.,50
5,7,2,50,6.01047,1,.
5,7,2,50,70.80525,2,.
5,8,2,0,.,.,50
5,8,2,2,59.15767,2,.
5,8,2,5,2.91518,1,.
5,8,2,8,43.68702,2,.
5,8,2,10,2.08777,1,.
5,8,2,12,.,.,50
5,8,2,14,64.08846,2,.
5,8,2,15,5.11659,1,.
5,8,2,20,2.4003,1,.
5,8,2,20,47.52639,2,.
5,8,2,24,.,.,50
5,8,2,25,6.00521,1,.
5,8,2,26,64.33567,2,.
5,8,2,30,3.68087,1,.
5,8,2,32,48.77173,2,.
5,8,2,35,2.0438,1,.
5,8,2,36,.,.,50
5,8,2,38,66.1412,2,.
5,8,2,40,4.1197,1,.
5,8,2,44,47.44198,2,.
5,8,2,45,2.89967,1,.
5,8,2,48,.,.,50
5,8,2,50,5.75486,1,.
5,8,2,50,68.15185,2,.
6,1,1,0,.,.,100
6,1,1,2,73.18604,2,.
6,1,1,5,5.56939,1,.
6,1,1,8,55.39967,2,.
6,1,1,10,2.84175,1,.
6,1,1,12,.,.,100
6,1,1,14,77.05477,2,.
6,1,1,15,6.12737,1,.
6,1,1,20,4.26936,1,.
6,1,1,20,59.82339,2,.
6,1,1,24,.,.,100
6,1,1,25,10.11688,1,.
6,1,1,26,75.82113,2,.
6,1,1,30,5.54601,1,.
6,1,1,32,60.43486,2,.
6,1,1,35,2.59884,1,.
6,1,1,36,.,.,100
6,1,1,38,75.29906,2,.
6,1,1,40,6.65679,1,.
6,1,1,44,61.35955,2,.
6,1,1,45,3.49577,1,.
6,1,1,48,.,.,100
6,1,1,50,8.38276,1,.
6,1,1,50,76.33538,2,.
6,2,1,0,.,.,100
6,2,1,2,71.00055,2,.
6,2,1,5,5.50627,1,.
6,2,1,8,54.77173,2,.
6,2,1,10,3.55042,1,.
6,2,1,12,.,.,100
6,2,1,14,75.09802,2,.
6,2,1,15,11.2843,1,.
6,2,1,20,6.45932,1,.
6,2,1,20,63.30975,2,.
6,2,1,24,.,.,100
6,2,1,25,14.57429,1,.
6,2,1,26,75.62124,2,.
6,2,1,30,8.11539,1,.
6,2,1,32,62.1952,2,.
6,2,1,35,4.25665,1,.
6,2,1,36,.,.,100
6,2,1,38,76.22194,2,.
6,2,1,40,10.74042,1,.
6,2,1,44,63.27545,2,.
6,2,1,45,5.66188,1,.
6,2,1,48,.,.,100
6,2,1,50,12.85745,1,.
6,2,1,50,77.61054,2,.
6,3,1,0,.,.,100
6,3,1,2,77.48781,2,.
6,3,1,5,5.5246,1,.
6,3,1,8,59.47607,2,.
6,3,1,10,2.79079,1,.
6,3,1,12,.,.,100
6,3,1,14,80.59149,2,.
6,3,1,15,7.79756,1,.
6,3,1,20,4.14415,1,.
6,3,1,20,64.3541,2,.
6,3,1,24,.,.,100
6,3,1,25,11.69744,1,.
6,3,1,26,83.11083,2,.
6,3,1,30,5.32909,1,.
6,3,1,32,64.66487,2,.
6,3,1,35,2.67841,1,.
6,3,1,36,.,.,100
6,3,1,38,81.5838,2,.
6,3,1,40,8.07036,1,.
6,3,1,44,64.22223,2,.
6,3,1,45,4.0244,1,.
6,3,1,48,.,.,100
6,3,1,50,10.58005,1,.
6,3,1,50,82.10641,2,.
6,4,1,0,.,.,100
6,4,1,2,74.53128,2,.
6,4,1,5,7.1803,1,.
6,4,1,8,60.72285,2,.
6,4,1,10,4.11707,1,.
6,4,1,12,.,.,100
6,4,1,14,79.63703,2,.
6,4,1,15,9.89856,1,.
6,4,1,20,5.99397,1,.
6,4,1,20,66.06842,2,.
6,4,1,24,.,.,100
6,4,1,25,17.06013,1,.
6,4,1,26,78.52767,2,.
6,4,1,30,9.09605,1,.
6,4,1,32,65.76674,2,.
6,4,1,35,5.4507,1,.
6,4,1,36,.,.,100
6,4,1,38,79.7008,2,.
6,4,1,40,10.75781,1,.
6,4,1,44,68.21435,2,.
6,4,1,45,6.63226,1,.
6,4,1,48,.,.,100
6,4,1,50,11.88755,1,.
6,4,1,50,79.50083,2,.
6,5,1,0,.,.,100
6,5,1,2,68.55138,2,.
6,5,1,5,5.57915,1,.
6,5,1,8,51.7704,2,.
6,5,1,10,3.24382,1,.
6,5,1,12,.,.,100
6,5,1,14,73.0621,2,.
6,5,1,15,9.93184,1,.
6,5,1,20,5.07418,1,.
6,5,1,20,56.9527,2,.
6,5,1,24,.,.,100
6,5,1,25,12.59087,1,.
6,5,1,26,73.03726,2,.
6,5,1,30,6.62866,1,.
6,5,1,32,57.45365,2,.
6,5,1,35,3.24906,1,.
6,5,1,36,.,.,100
6,5,1,38,74.79437,2,.
6,5,1,40,7.31431,1,.
6,5,1,44,58.7842,2,.
6,5,1,45,4.34834,1,.
6,5,1,48,.,.,100
6,5,1,50,10.7822,1,.
6,5,1,50,73.19056,2,.
6,6,2,0,.,.,50
6,6,2,2,55.64323,2,.
6,6,2,5,2.67999,1,.
6,6,2,8,42.38191,2,.
6,6,2,10,1.66667,1,.
6,6,2,12,.,.,50
6,6,2,14,60.7373,2,.
6,6,2,15,5.01801,1,.
6,6,2,20,3.04089,1,.
6,6,2,20,47.90402,2,.
6,6,2,24,.,.,50
6,6,2,25,6.04166,1,.
6,6,2,26,63.81779,2,.
6,6,2,30,3.52795,1,.
6,6,2,32,50.32628,2,.
6,6,2,35,2.08994,1,.
6,6,2,36,.,.,50
6,6,2,38,63.17346,2,.
6,6,2,40,4.23828,1,.
6,6,2,44,46.99738,2,.
6,6,2,45,2.46937,1,.
6,6,2,48,.,.,50
6,6,2,50,5.60821,1,.
6,6,2,50,63.33647,2,.
6,7,2,0,.,.,50
6,7,2,2,60.88728,2,.
6,7,2,5,2.97726,1,.
6,7,2,8,52.12931,2,.
6,7,2,10,2.06239,1,.
6,7,2,12,.,.,50
6,7,2,14,69.22637,2,.
6,7,2,15,5.69259,1,.
6,7,2,20,3.85425,1,.
6,7,2,20,63.01466,2,.
6,7,2,24,.,.,50
6,7,2,25,6.60962,1,.
6,7,2,26,73.70719,2,.
6,7,2,30,5.35611,1,.
6,7,2,32,65.14646,2,.
6,7,2,35,3.91063,1,.
6,7,2,36,.,.,50
6,7,2,38,72.99117,2,.
6,7,2,40,6.66394,1,.
6,7,2,44,67.10417,2,.
6,7,2,45,5.19398,1,.
6,7,2,48,.,.,50
6,7,2,50,7.1225,1,.
6,7,2,50,75.27752,2,.
6,8,2,0,.,.,50
6,8,2,2,62.82119,2,.
6,8,2,5,3.00733,1,.
6,8,2,8,50.29259,2,.
6,8,2,10,2.08491,1,.
6,8,2,12,.,.,50
6,8,2,14,70.62798,2,.
6,8,2,15,5.22509,1,.
6,8,2,20,3.44184,1,.
6,8,2,20,59.13223,2,.
6,8,2,24,.,.,50
6,8,2,25,5.01073,1,.
6,8,2,26,73.84302,2,.
6,8,2,30,4.913,1,.
6,8,2,32,59.3832,2,.
6,8,2,35,2.69874,1,.
6,8,2,36,.,.,50
6,8,2,38,71.95733,2,.
6,8,2,40,6.2364,1,.
6,8,2,44,59.82593,2,.
6,8,2,45,3.48094,1,.
6,8,2,48,.,.,50
6,8,2,50,6.22066,1,.
6,8,2,50,72.33636,2,.
7,1,1,0,.,.,100
7,1,1,2,74.52171,2,.
7,1,1,5,5.88316,1,.
7,1,1,8,56.82518,2,.
7,1,1,10,2.93271,1,.
7,1,1,12,.,.,100
7,1,1,14,76.88235,2,.
7,1,1,15,8.001,1,.
7,1,1,20,4.16049,1,.
7,1,1,20,60.25752,2,.
7,1,1,24,.,.,100
7,1,1,25,9.8391,1,.
7,1,1,26,76.64873,2,.
7,1,1,30,6.60155,1,.
7,1,1,32,60.05342,2,.
7,1,1,35,3.34118,1,.
7,1,1,36,.,.,100
7,1,1,38,77.27189,2,.
7,1,1,40,7.56827,1,.
7,1,1,44,60.69021,2,.
7,1,1,45,4.48725,1,.
7,1,1,48,.,.,100
7,1,1,50,10.6748,1,.
7,1,1,50,78.08434,2,.
7,2,1,0,.,.,100
7,2,1,2,69.58648,2,.
7,2,1,5,5.26532,1,.
7,2,1,8,55.85706,2,.
7,2,1,10,3.25364,1,.
7,2,1,12,.,.,100
7,2,1,14,71.80667,2,.
7,2,1,15,9.56151,1,.
7,2,1,20,5.88112,1,.
7,2,1,20,59.67339,2,.
7,2,1,24,.,.,100
7,2,1,25,9.71963,1,.
7,2,1,26,74.12272,2,.
7,2,1,30,7.62545,1,.
7,2,1,32,62.29351,2,.
7,2,1,35,5.81066,1,.
7,2,1,36,.,.,100
7,2,1,38,76.09353,2,.
7,2,1,40,8.30786,1,.
7,2,1,44,63.80868,2,.
7,2,1,45,5.37928,1,.
7,2,1,48,.,.,100
7,2,1,50,9.57823,1,.
7,2,1,50,76.0805,2,.
7,3,1,0,.,.,100
7,3,1,2,72.38543,2,.
7,3,1,5,5.54181,1,.
7,3,1,8,59.2738,2,.
7,3,1,10,3.05176,1,.
7,3,1,12,.,.,100
7,3,1,14,75.75037,2,.
7,3,1,15,7.92384,1,.
7,3,1,20,4.512,1,.
7,3,1,20,65.55713,2,.
7,3,1,24,.,.,100
7,3,1,25,10.64238,1,.
7,3,1,26,76.73713,2,.
7,3,1,30,6.02023,1,.
7,3,1,32,66.43004,2,.
7,3,1,35,3.90839,1,.
7,3,1,36,.,.,100
7,3,1,38,76.98986,2,.
7,3,1,40,6.24374,1,.
7,3,1,44,62.36872,2,.
7,3,1,45,4.54671,1,.
7,3,1,48,.,.,100
7,3,1,50,9.81605,1,.
7,3,1,50,77.2484,2,.
7,4,1,0,.,.,100
7,4,1,2,66.27972,2,.
7,4,1,5,5.42732,1,.
7,4,1,8,55.10973,2,.
7,4,1,10,3.74251,1,.
7,4,1,12,.,.,100
7,4,1,14,71.37766,2,.
7,4,1,15,8.21462,1,.
7,4,1,20,6.46374,1,.
7,4,1,20,64.17619,2,.
7,4,1,24,.,.,100
7,4,1,25,10.99858,1,.
7,4,1,26,74.97247,2,.
7,4,1,30,7.09636,1,.
7,4,1,32,64.79145,2,.
7,4,1,35,5.13263,1,.
7,4,1,36,.,.,100
7,4,1,38,75.88174,2,.
7,4,1,40,7.32506,1,.
7,4,1,44,64.01762,2,.
7,4,1,45,6.00159,1,.
7,4,1,48,.,.,100
7,4,1,50,11.38432,1,.
7,4,1,50,75.51122,2,.
7,5,1,0,.,.,100
7,5,1,2,75.27505,2,.
7,5,1,5,7.05043,1,.
7,5,1,8,61.29854,2,.
7,5,1,10,3.86023,1,.
7,5,1,12,.,.,100
7,5,1,14,77.78529,2,.
7,5,1,15,8.86047,1,.
7,5,1,20,6.20904,1,.
7,5,1,20,69.03669,2,.
7,5,1,24,.,.,100
7,5,1,25,13.95222,1,.
7,5,1,26,81.29088,2,.
7,5,1,30,8.17335,1,.
7,5,1,32,71.62072,2,.
7,5,1,35,5.10755,1,.
7,5,1,36,.,.,100
7,5,1,38,80.13908,2,.
7,5,1,40,10.39024,1,.
7,5,1,44,70.33399,2,.
7,5,1,45,5.88619,1,.
7,5,1,48,.,.,100
7,5,1,50,9.96237,1,.
7,5,1,50,81.83452,2,.
7,6,2,0,.,.,50
7,6,2,2,54.41439,2,.
7,6,2,5,2.64673,1,.
7,6,2,8,32.4964,2,.
7,6,2,10,1.35033,1,.
7,6,2,12,.,.,50
7,6,2,14,58.70892,2,.
7,6,2,15,4.48134,1,.
7,6,2,20,2.07495,1,.
7,6,2,20,36.72641,2,.
7,6,2,24,.,.,50
7,6,2,25,5.7063,1,.
7,6,2,26,58.47435,2,.
7,6,2,30,3.1983,1,.
7,6,2,32,36.99108,2,.
7,6,2,35,1.40356,1,.
7,6,2,36,.,.,50
7,6,2,38,59.35551,2,.
7,6,2,40,3.29858,1,.
7,6,2,44,34.38603,2,.
7,6,2,45,1.61577,1,.
7,6,2,48,.,.,50
7,6,2,50,4.99956,1,.
7,6,2,50,58.45409,2,.
7,7,2,0,.,.,50
7,7,2,2,59.89668,2,.
7,7,2,5,2.60632,1,.
7,7,2,8,42.35682,2,.
7,7,2,10,1.47366,1,.
7,7,2,12,.,.,50
7,7,2,14,63.34805,2,.
7,7,2,15,3.89033,1,.
7,7,2,20,2.8973,1,.
7,7,2,20,47.51739,2,.
7,7,2,24,.,.,50
7,7,2,25,5.80173,1,.
7,7,2,26,63.37353,2,.
7,7,2,30,3.12104,1,.
7,7,2,32,51.48912,2,.
7,7,2,35,1.73181,1,.
7,7,2,36,.,.,50
7,7,2,38,66.58863,2,.
7,7,2,40,4.41102,1,.
7,7,2,44,50.36393,2,.
7,7,2,45,2.89523,1,.
7,7,2,48,.,.,50
7,7,2,50,6.42711,1,.
7,7,2,50,64.25191,2,.
7,8,2,0,.,.,50
7,8,2,2,62.61004,2,.
7,8,2,5,2.81896,1,.
7,8,2,8,43.00319,2,.
7,8,2,10,1.26851,1,.
7,8,2,12,.,.,50
7,8,2,14,67.53529,2,.
7,8,2,15,3.96701,1,.
7,8,2,20,2.4173,1,.
7,8,2,20,48.70818,2,.
7,8,2,24,.,.,50
7,8,2,25,6.26927,1,.
7,8,2,26,67.23342,2,.
7,8,2,30,2.93774,1,.
7,8,2,32,48.36241,2,.
7,8,2,35,1.64033,1,.
7,8,2,36,.,.,50
7,8,2,38,68.13477,2,.
7,8,2,40,4.12952,1,.
7,8,2,44,50.53756,2,.
7,8,2,45,2.21497,1,.
7,8,2,48,.,.,50
7,8,2,50,6.08303,1,.
7,8,2,50,67.93066,2,.
8,1,1,0,.,.,100
8,1,1,2,70.92194,2,.
8,1,1,5,4.96924,1,.
8,1,1,8,51.82641,2,.
8,1,1,10,2.22056,1,.
8,1,1,12,.,.,100
8,1,1,14,75.68151,2,.
8,1,1,15,8.89695,1,.
8,1,1,20,3.34791,1,.
8,1,1,20,53.76068,2,.
8,1,1,24,.,.,100
8,1,1,25,11.96539,1,.
8,1,1,26,73.27011,2,.
8,1,1,30,4.34207,1,.
8,1,1,32,55.46315,2,.
8,1,1,35,2.83924,1,.
8,1,1,36,.,.,100
8,1,1,38,74.17797,2,.
8,1,1,40,6.38479,1,.
8,1,1,44,54.72046,2,.
8,1,1,45,3.20329,1,.
8,1,1,48,.,.,100
8,1,1,50,9.20247,1,.
8,1,1,50,73.70608,2,.
8,2,1,0,.,.,100
8,2,1,2,68.35217,2,.
8,2,1,5,5.69371,1,.
8,2,1,8,56.42551,2,.
8,2,1,10,3.20551,1,.
8,2,1,12,.,.,100
8,2,1,14,72.73499,2,.
8,2,1,15,9.49106,1,.
8,2,1,20,6.27703,1,.
8,2,1,20,63.42202,2,.
8,2,1,24,.,.,100
8,2,1,25,11.84116,1,.
8,2,1,26,76.86488,2,.
8,2,1,30,7.46121,1,.
8,2,1,32,64.84404,2,.
8,2,1,35,4.91985,1,.
8,2,1,36,.,.,100
8,2,1,38,76.6056,2,.
8,2,1,40,8.39867,1,.
8,2,1,44,66.38367,2,.
8,2,1,45,5.8036,1,.
8,2,1,48,.,.,100
8,2,1,50,13.03299,1,.
8,2,1,50,77.26877,2,.
8,3,1,0,.,.,100
8,3,1,2,72.51673,2,.
8,3,1,5,5.71454,1,.
8,3,1,8,57.731,2,.
8,3,1,10,3.34694,1,.
8,3,1,12,.,.,100
8,3,1,14,77.9076,2,.
8,3,1,15,8.69271,1,.
8,3,1,20,5.39326,1,.
8,3,1,20,64.32921,2,.
8,3,1,24,.,.,100
8,3,1,25,12.29787,1,.
8,3,1,26,76.37293,2,.
8,3,1,30,6.38111,1,.
8,3,1,32,67.08246,2,.
8,3,1,35,3.76374,1,.
8,3,1,36,.,.,100
8,3,1,38,78.3493,2,.
8,3,1,40,8.05624,1,.
8,3,1,44,67.49563,2,.
8,3,1,45,5.63835,1,.
8,3,1,48,.,.,100
8,3,1,50,11.66823,1,.
8,3,1,50,78.20488,2,.
8,4,1,0,.,.,100
8,4,1,2,75.6158,2,.
8,4,1,5,6.22426,1,.
8,4,1,8,62.46822,2,.
8,4,1,10,3.62599,1,.
8,4,1,12,.,.,100
8,4,1,14,79.69719,2,.
8,4,1,15,9.49331,1,.
8,4,1,20,5.5934,1,.
8,4,1,20,65.15371,2,.
8,4,1,24,.,.,100
8,4,1,25,10.50691,1,.
8,4,1,26,82.25903,2,.
8,4,1,30,8.09945,1,.
8,4,1,32,66.75859,2,.
8,4,1,35,4.47828,1,.
8,4,1,36,.,.,100
8,4,1,38,83.95727,2,.
8,4,1,40,9.93042,1,.
8,4,1,44,69.24435,2,.
8,4,1,45,5.26334,1,.
8,4,1,48,.,.,100
8,4,1,50,10.27762,1,.
8,4,1,50,80.9823,2,.
8,5,1,0,.,.,100
8,5,1,2,74.21018,2,.
8,5,1,5,7.50248,1,.
8,5,1,8,63.44475,2,.
8,5,1,10,3.89792,1,.
8,5,1,12,.,.,100
8,5,1,14,80.60348,2,.
8,5,1,15,10.98984,1,.
8,5,1,20,6.69302,1,.
8,5,1,20,70.06568,2,.
8,5,1,24,.,.,100
8,5,1,25,12.91747,1,.
8,5,1,26,81.34673,2,.
8,5,1,30,7.52486,1,.
8,5,1,32,72.27118,2,.
8,5,1,35,5.32916,1,.
8,5,1,36,.,.,100
8,5,1,38,81.5169,2,.
8,5,1,40,9.28011,1,.
8,5,1,44,71.37062,2,.
8,5,1,45,6.03344,1,.
8,5,1,48,.,.,100
8,5,1,50,10.18576,1,.
8,5,1,50,79.96183,2,.
8,6,2,0,.,.,50
8,6,2,2,49.56986,2,.
8,6,2,5,3.26616,1,.
8,6,2,8,39.17886,2,.
8,6,2,10,2.33787,1,.
8,6,2,12,.,.,50
8,6,2,14,58.40264,2,.
8,6,2,15,5.67944,1,.
8,6,2,20,3.74359,1,.
8,6,2,20,46.52838,2,.
8,6,2,24,.,.,50
8,6,2,25,7.22523,1,.
8,6,2,26,62.0698,2,.
8,6,2,30,5.80917,1,.
8,6,2,32,48.50767,2,.
8,6,2,35,3.58012,1,.
8,6,2,36,.,.,50
8,6,2,38,61.10323,2,.
8,6,2,40,6.46211,1,.
8,6,2,44,50.48749,2,.
8,6,2,45,3.7219,1,.
8,6,2,48,.,.,50
8,6,2,50,7.00437,1,.
8,6,2,50,62.12733,2,.
8,7,2,0,.,.,50
8,7,2,2,59.03628,2,.
8,7,2,5,3.07343,1,.
8,7,2,8,46.03988,2,.
8,7,2,10,1.96133,1,.
8,7,2,12,.,.,50
8,7,2,14,65.22041,2,.
8,7,2,15,5.02588,1,.
8,7,2,20,3.01773,1,.
8,7,2,20,50.42247,2,.
8,7,2,24,.,.,50
8,7,2,25,6.67311,1,.
8,7,2,26,66.92096,2,.
8,7,2,30,3.49031,1,.
8,7,2,32,54.25264,2,.
8,7,2,35,2.11156,1,.
8,7,2,36,.,.,50
8,7,2,38,68.186,2,.
8,7,2,40,4.79309,1,.
8,7,2,44,54.92623,2,.
8,7,2,45,3.55463,1,.
8,7,2,48,.,.,50
8,7,2,50,5.80898,1,.
8,7,2,50,66.60488,2,.
8,8,2,0,.,.,50
8,8,2,2,48.19213,2,.
8,8,2,5,2.34993,1,.
8,8,2,8,33.20884,2,.
8,8,2,10,1.47887,1,.
8,8,2,12,.,.,50
8,8,2,14,56.40496,2,.
8,8,2,15,3.97487,1,.
8,8,2,20,2.21372,1,.
8,8,2,20,37.56417,2,.
8,8,2,24,.,.,50
8,8,2,25,5.14138,1,.
8,8,2,26,55.45948,2,.
8,8,2,30,2.55561,1,.
8,8,2,32,39.37352,2,.
8,8,2,35,1.61468,1,.
8,8,2,36,.,.,50
8,8,2,38,55.93606,2,.
8,8,2,40,2.97482,1,.
8,8,2,44,39.57124,2,.
8,8,2,45,1.78629,1,.
8,8,2,48,.,.,50
8,8,2,50,4.02922,1,.
8,8,2,50,55.14094,2,.
9,1,1,0,.,.,100
9,1,1,2,66.73969,2,.
9,1,1,5,6.5283,1,.
9,1,1,8,50.78508,2,.
9,1,1,10,3.78997,1,.
9,1,1,12,.,.,100
9,1,1,14,69.69311,2,.
9,1,1,15,9.85693,1,.
9,1,1,20,6.28028,1,.
9,1,1,20,58.8855,2,.
9,1,1,24,.,.,100
9,1,1,25,12.8269,1,.
9,1,1,26,71.27523,2,.
9,1,1,30,8.56682,1,.
9,1,1,32,59.21953,2,.
9,1,1,35,4.45348,1,.
9,1,1,36,.,.,100
9,1,1,38,74.20773,2,.
9,1,1,40,11.41352,1,.
9,1,1,44,59.5265,2,.
9,1,1,45,6.13694,1,.
9,1,1,48,.,.,100
9,1,1,50,12.37791,1,.
9,1,1,50,74.06357,2,.
9,2,1,0,.,.,100
9,2,1,2,68.63345,2,.
9,2,1,5,5.64253,1,.
9,2,1,8,47.76167,2,.
9,2,1,10,2.58224,1,.
9,2,1,12,.,.,100
9,2,1,14,73.84311,2,.
9,2,1,15,8.32748,1,.
9,2,1,20,4.03893,1,.
9,2,1,20,52.34182,2,.
9,2,1,24,.,.,100
9,2,1,25,10.54078,1,.
9,2,1,26,73.28944,2,.
9,2,1,30,5.50902,1,.
9,2,1,32,53.27016,2,.
9,2,1,35,2.4824,1,.
9,2,1,36,.,.,100
9,2,1,38,75.09892,2,.
9,2,1,40,7.77001,1,.
9,2,1,44,53.63439,2,.
9,2,1,45,3.40534,1,.
9,2,1,48,.,.,100
9,2,1,50,9.84859,1,.
9,2,1,50,74.16477,2,.
9,3,1,0,.,.,100
9,3,1,2,70.61966,2,.
9,3,1,5,7.52861,1,.
9,3,1,8,58.0997,2,.
9,3,1,10,4.79063,1,.
9,3,1,12,.,.,100
9,3,1,14,77.689,2,.
9,3,1,15,10.63058,1,.
9,3,1,20,7.19206,1,.
9,3,1,20,64.97799,2,.
9,3,1,24,.,.,100
9,3,1,25,15.10207,1,.
9,3,1,26,78.04558,2,.
9,3,1,30,11.50776,1,.
9,3,1,32,67.28142,2,.
9,3,1,35,5.51862,1,.
9,3,1,36,.,.,100
9,3,1,38,78.50576,2,.
9,3,1,40,10.03687,1,.
9,3,1,44,68.51698,2,.
9,3,1,45,8.06202,1,.
9,3,1,48,.,.,100
9,3,1,50,14.6011,1,.
9,3,1,50,79.84786,2,.
9,4,1,0,.,.,100
9,4,1,2,72.63568,2,.
9,4,1,5,6.60747,1,.
9,4,1,8,63.44558,2,.
9,4,1,10,4.48161,1,.
9,4,1,12,.,.,100
9,4,1,14,77.89096,2,.
9,4,1,15,11.32615,1,.
9,4,1,20,7.1564,1,.
9,4,1,20,68.90588,2,.
9,4,1,24,.,.,100
9,4,1,25,12.98683,1,.
9,4,1,26,79.62084,2,.
9,4,1,30,7.69261,1,.
9,4,1,32,71.40479,2,.
9,4,1,35,5.81414,1,.
9,4,1,36,.,.,100
9,4,1,38,81.37267,2,.
9,4,1,40,10.50382,1,.
9,4,1,44,69.86889,2,.
9,4,1,45,6.32486,1,.
9,4,1,48,.,.,100
9,4,1,50,14.0562,1,.
9,4,1,50,79.53748,2,.
9,5,1,0,.,.,100
9,5,1,2,72.42218,2,.
9,5,1,5,5.9749,1,.
9,5,1,8,63.11494,2,.
9,5,1,10,3.98022,1,.
9,5,1,12,.,.,100
9,5,1,14,79.02757,2,.
9,5,1,15,9.99497,1,.
9,5,1,20,6.72889,1,.
9,5,1,20,69.8249,2,.
9,5,1,24,.,.,100
9,5,1,25,13.71323,1,.
9,5,1,26,81.905,2,.
9,5,1,30,9.13125,1,.
9,5,1,32,70.5973,2,.
9,5,1,35,5.53985,1,.
9,5,1,36,.,.,100
9,5,1,38,82.14795,2,.
9,5,1,40,12.59913,1,.
9,5,1,44,71.37894,2,.
9,5,1,45,7.34383,1,.
9,5,1,48,.,.,100
9,5,1,50,11.55408,1,.
9,5,1,50,81.03118,2,.
9,6,2,0,.,.,50
9,6,2,2,56.46199,2,.
9,6,2,5,3.47056,1,.
9,6,2,8,43.60343,2,.
9,6,2,10,2.0903,1,.
9,6,2,12,.,.,50
9,6,2,14,66.79258,2,.
9,6,2,15,5.31003,1,.
9,6,2,20,3.3921,1,.
9,6,2,20,52.19288,2,.
9,6,2,24,.,.,50
9,6,2,25,6.44792,1,.
9,6,2,26,67.65735,2,.
9,6,2,30,4.40719,1,.
9,6,2,32,53.78017,2,.
9,6,2,35,2.79553,1,.
9,6,2,36,.,.,50
9,6,2,38,68.0964,2,.
9,6,2,40,4.52945,1,.
9,6,2,44,56.31035,2,.
9,6,2,45,3.9699,1,.
9,6,2,48,.,.,50
9,6,2,50,5.72203,1,.
9,6,2,50,67.47226,2,.
9,7,2,0,.,.,50
9,7,2,2,56.71226,2,.
9,7,2,5,3.48409,1,.
9,7,2,8,45.91151,2,.
9,7,2,10,2.88475,1,.
9,7,2,12,.,.,50
9,7,2,14,66.54779,2,.
9,7,2,15,6.00894,1,.
9,7,2,20,3.85954,1,.
9,7,2,20,53.82059,2,.
9,7,2,24,.,.,50
9,7,2,25,9.90562,1,.
9,7,2,26,68.53234,2,.
9,7,2,30,6.12262,1,.
9,7,2,32,57.76892,2,.
9,7,2,35,3.89333,1,.
9,7,2,36,.,.,50
9,7,2,38,72.41871,2,.
9,7,2,40,7.0518,1,.
9,7,2,44,59.2639,2,.
9,7,2,45,5.6967,1,.
9,7,2,48,.,.,50
9,7,2,50,7.47283,1,.
9,7,2,50,69.97048,2,.
9,8,2,0,.,.,50
9,8,2,2,65.72817,2,.
9,8,2,5,3.84109,1,.
9,8,2,8,55.34053,2,.
9,8,2,10,2.31459,1,.
9,8,2,12,.,.,50
9,8,2,14,71.74458,2,.
9,8,2,15,5.15196,1,.
9,8,2,20,3.8083,1,.
9,8,2,20,63.00031,2,.
9,8,2,24,.,.,50
9,8,2,25,8.3053,1,.
9,8,2,26,73.58033,2,.
9,8,2,30,5.85125,1,.
9,8,2,32,66.53385,2,.
9,8,2,35,3.41699,1,.
9,8,2,36,.,.,50
9,8,2,38,75.31715,2,.
9,8,2,40,5.75205,1,.
9,8,2,44,64.32423,2,.
9,8,2,45,4.07304,1,.
9,8,2,48,.,.,50
9,8,2,50,7.25545,1,.
9,8,2,50,74.2836,2,.
10,1,1,0,.,.,100
10,1,1,2,73.5563,2,.
10,1,1,5,3.2581,1,.
10,1,1,8,43.33876,2,.
10,1,1,10,1.41059,1,.
10,1,1,12,.,.,100
10,1,1,14,75.64582,2,.
10,1,1,15,7.22276,1,.
10,1,1,20,2.55012,1,.
10,1,1,20,47.73894,2,.
10,1,1,24,.,.,100
10,1,1,25,8.59965,1,.
10,1,1,26,76.70425,2,.
10,1,1,30,3.45424,1,.
10,1,1,32,48.99848,2,.
10,1,1,35,1.2877,1,.
10,1,1,36,.,.,100
10,1,1,38,75.59974,2,.
10,1,1,40,5.9863,1,.
10,1,1,44,49.26669,2,.
10,1,1,45,1.94164,1,.
10,1,1,48,.,.,100
10,1,1,50,8.31166,1,.
10,1,1,50,73.70407,2,.
10,2,1,0,.,.,100
10,2,1,2,83.70177,2,.
10,2,1,5,6.2737,1,.
10,2,1,8,71.03147,2,.
10,2,1,10,3.75101,1,.
10,2,1,12,.,.,100
10,2,1,14,85.87862,2,.
10,2,1,15,8.75916,1,.
10,2,1,20,5.31942,1,.
10,2,1,20,75.81514,2,.
10,2,1,24,.,.,100
10,2,1,25,14.02183,1,.
10,2,1,26,86.27139,2,.
10,2,1,30,7.22106,1,.
10,2,1,32,74.43486,2,.
10,2,1,35,3.61938,1,.
10,2,1,36,.,.,100
10,2,1,38,87.87293,2,.
10,2,1,40,8.06151,1,.
10,2,1,44,73.51672,2,.
10,2,1,45,4.97551,1,.
10,2,1,48,.,.,100
10,2,1,50,15.64311,1,.
10,2,1,50,86.52746,2,.
10,3,1,0,.,.,100
10,3,1,2,74.79499,2,.
10,3,1,5,6.35508,1,.
10,3,1,8,61.60425,2,.
10,3,1,10,3.38222,1,.
10,3,1,12,.,.,100
10,3,1,14,79.80389,2,.
10,3,1,15,9.94914,1,.
10,3,1,20,5.28253,1,.
10,3,1,20,67.49126,2,.
10,3,1,24,.,.,100
10,3,1,25,10.31193,1,.
10,3,1,26,79.72078,2,.
10,3,1,30,8.75785,1,.
10,3,1,32,70.34495,2,.
10,3,1,35,4.5891,1,.
10,3,1,36,.,.,100
10,3,1,38,79.30638,2,.
10,3,1,40,8.32678,1,.
10,3,1,44,70.62521,2,.
10,3,1,45,5.65354,1,.
10,3,1,48,.,.,100
10,3,1,50,9.19846,1,.
10,3,1,50,79.07343,2,.
10,4,1,0,.,.,100
10,4,1,2,68.49942,2,.
10,4,1,5,5.79915,1,.
10,4,1,8,51.76878,2,.
10,4,1,10,2.62238,1,.
10,4,1,12,.,.,100
10,4,1,14,73.13172,2,.
10,4,1,15,8.5331,1,.
10,4,1,20,4.34392,1,.
10,4,1,20,55.72453,2,.
10,4,1,24,.,.,100
10,4,1,25,11.41235,1,.
10,4,1,26,73.25551,2,.
10,4,1,30,6.90125,1,.
10,4,1,32,57.4944,2,.
10,4,1,35,3.3344,1,.
10,4,1,36,.,.,100
10,4,1,38,73.42219,2,.
10,4,1,40,7.37832,1,.
10,4,1,44,58.73343,2,.
10,4,1,45,4.67589,1,.
10,4,1,48,.,.,100
10,4,1,50,9.65924,1,.
10,4,1,50,73.61327,2,.
10,5,1,0,.,.,100
10,5,1,2,68.89449,2,.
10,5,1,5,5.82132,1,.
10,5,1,8,54.50731,2,.
10,5,1,10,4.16267,1,.
10,5,1,12,.,.,100
10,5,1,14,73.6407,2,.
10,5,1,15,10.06888,1,.
10,5,1,20,5.87324,1,.
10,5,1,20,61.02354,2,.
10,5,1,24,.,.,100
10,5,1,25,12.17334,1,.
10,5,1,26,76.27534,2,.
10,5,1,30,8.18849,1,.
10,5,1,32,61.77752,2,.
10,5,1,35,5.08794,1,.
10,5,1,36,.,.,100
10,5,1,38,76.21279,2,.
10,5,1,40,9.18688,1,.
10,5,1,44,62.71965,2,.
10,5,1,45,5.068,1,.
10,5,1,48,.,.,100
10,5,1,50,11.26032,1,.
10,5,1,50,76.7697,2,.
10,6,2,0,.,.,50
10,6,2,2,61.26507,2,.
10,6,2,5,3.027,1,.
10,6,2,8,45.20613,2,.
10,6,2,10,2.12676,1,.
10,6,2,12,.,.,50
10,6,2,14,65.07958,2,.
10,6,2,15,5.59195,1,.
10,6,2,20,3.11424,1,.
10,6,2,20,52.10411,2,.
10,6,2,24,.,.,50
10,6,2,25,7.02828,1,.
10,6,2,26,68.09124,2,.
10,6,2,30,5.10266,1,.
10,6,2,32,54.07932,2,.
10,6,2,35,2.90757,1,.
10,6,2,36,.,.,50
10,6,2,38,68.51744,2,.
10,6,2,40,5.97451,1,.
10,6,2,44,54.58379,2,.
10,6,2,45,3.13855,1,.
10,6,2,48,.,.,50
10,6,2,50,7.32726,1,.
10,6,2,50,68.14606,2,.
10,7,2,0,.,.,50
10,7,2,2,62.06819,2,.
10,7,2,5,3.40813,1,.
10,7,2,8,41.23765,2,.
10,7,2,10,1.33676,1,.
10,7,2,12,.,.,50
10,7,2,14,65.83734,2,.
10,7,2,15,4.05451,1,.
10,7,2,20,2.46739,1,.
10,7,2,20,47.3926,2,.
10,7,2,24,.,.,50
10,7,2,25,5.9878,1,.
10,7,2,26,68.18354,2,.
10,7,2,30,3.47816,1,.
10,7,2,32,48.22201,2,.
10,7,2,35,1.74039,1,.
10,7,2,36,.,.,50
10,7,2,38,65.50081,2,.
10,7,2,40,4.52389,1,.
10,7,2,44,48.04027,2,.
10,7,2,45,2.18217,1,.
10,7,2,48,.,.,50
10,7,2,50,6.08841,1,.
10,7,2,50,66.61225,2,.
10,8,2,0,.,.,50
10,8,2,2,51.81591,2,.
10,8,2,5,2.86378,1,.
10,8,2,8,34.69468,2,.
10,8,2,10,1.7199,1,.
10,8,2,12,.,.,50
10,8,2,14,56.2399,2,.
10,8,2,15,4.69599,1,.
10,8,2,20,2.67422,1,.
10,8,2,20,38.60353,2,.
10,8,2,24,.,.,50
10,8,2,25,6.65527,1,.
10,8,2,26,58.28208,2,.
10,8,2,30,3.42491,1,.
10,8,2,32,38.83709,2,.
10,8,2,35,1.88926,1,.
10,8,2,36,.,.,50
10,8,2,38,58.41775,2,.
10,8,2,40,4.64108,1,.
10,8,2,44,38.97793,2,.
10,8,2,45,2.46401,1,.
10,8,2,48,.,.,50
10,8,2,50,6.05382,1,.
10,8,2,50,56.47905,2,.
